,Symbol,Address
0,GLOW,0xc7bAA7787Bb40C5d2523252bAf142413dCBbcD5b
1,BSHARE,0x531780face85306877d7e1f05d713d1b50a37f7a
2,HPL,0x0d0621ad4ec89da1cf0f371d6205229f04bcb378
3,G9,0xe5f70fde8f1aead197d57eedb6f9b231240d38ca
4,SUPERPIXEL,0x736bCE9185dd74c544b8e3E873D26beB5E996Afe
5,MGA,0x03ac6ab6a9a91a0fcdec7d85b38bdfbb719ec02f
6,FLPD,0x80dc7bd1328f5e48e8e22884169ba46f9279201b
7,AURORA,0x11fe7a37f2923566caa0de7d37c868631c695205
8,PLT,0x631C2f0EdABaC799f07550aEE4fF0Bf7fd35212B
9,TSY,0x2033f3599e070c3becd09b0b28988a9c45a059d5
10,XSH,0xb30b27adb3b0a45e88385eb2bb144fad9120a420
11,RS,0xc25b7244e192d531495c400c64ea914a77e730a2
12,IQG,0x3e0e89077cc8ef305e1354fce19037ba50c1a3a0
13,FTD,0x1cfb8cb79a34c482f356b184801ad0072a0bf6aa
14,SZILLA,0xbde8649bebb55c481da8f1015bd0eb7f96006a0f
15,BITCOIN,0x4c769928971548eb71a3392eaf66bedc8bef4b80
16,UNITYCOM,0x5aF2f78953f8808B8D675Bc6d252B1e7C3DC556e
17,ORB,0x135d1e5FBeB5a8506aD0cC156878950c69749947
18,LSC,0x74e2572a1c579b4df80d57e9698098b255f23c9e
19,MTK,0x129385c4acd0075e45a0c9a5177bdfec9678a138
20,TMDS,0xDa5c6c28F7705dD0aCCc0EF1CaB9185ecC494790
21,DOGEALLY,0x05822195b28613b0f8a484313d3be7b357c53a4a
22,KUBER,0xa76d458210b5b335eee20f8393f0b07574a8ac71
23,SQUIDBOUND,0xc339e0e0c6e94b45597c6ee7177ab09bcb39e286
24,BYTZ,0x586fc153cf7e9c029d8c30842c4cb6a86f03b816
25,FSINU,0xcC1df4Cff1E9186ecE7B71367749e8E749c82A85
26,SHIBAW,0xc086EFe1E59095D2B0D31af8ddcF6598FA2c5513
27,MNEB,0xD22202d23fE7dE9E3DbE11a2a88F42f4CB9507cf
28,PLG,0xDAd3ABce6Fb87FA0355203b692723A7EE8aa9D63
29,HUH,0xc15e89f2149bcc0cbd5fb204c9e77fe878f1e9b2
30,COAPE,0x55006895f398d7713d69081144b19d8c9022b582
31,RMOG,0xee33114ef9afb0779f0505c38afbb1644f4073cc
32,MSE,0xd8f3e0fe6254010ee6d309607024d1b2bf378e6b
33,SHOO,0x0fcc11F873360450a1afD8CB7Cfe0a9d787cc25E
34,DIQ,0xBD573dDc3aB93D7984012B897821F6C09F4D24E3
35,POR,0x9000Cac49C3841926Baac5b2E13c87D43e51B6a4
36,PDog,0x4b4c7ada85ce3b643707903ed4cf1f4512a995be
37,ELO INU,0x35207068e057a01861A654463c01B04cc111E760
38,GLD,0x6EF7E2D571f9806ab8FAAB73a76A97442BF78e3b
39,SOLCASH,0x7b86f5ca09dc00502e342b0fef5117e1c32222ce
40,GMV,0x769c49d25d9b7249Ce4600440ee1869BAd49F395
41,BET,0x829bAEa0a3869044c6c846b860010611f4D32f08
42,CA,0xfa71f9956996d3d54502a5c83290b6bb15cef0a4
43,AVAXUP,0x31db9fae1747a84afed39ef28d76cd1ccde96e38
44,MBR,0xe0118b83775000a9a4dd2579746ee4c8c7d3d73c
45,EPS,0x9380b1e77bdbf004b57c9808acf9c257688d3b74
46,SNOWFLOKI,0xc8CCc55582cAEdFEeb4E2ca7C65b0C54998B0bF5
47,BSTV2,0x215ae47ecc7a297d3e20126c3e05e735f548f1d3
48,XL,0x61ae5b63c8f7400c21613f882c9b0a8eec586a10
49,BOYZ,0xb9500eDf9C582a5e32E4e992030a0543455eB5d3
50,AEL,0x4f8853d1aa59409c06de66ed9deeaffa139f975d
51,ADEN,0x84d1383ab686a0fa8c2b99cc51d5382933148fe1
52,MGOD,0x10A12969cB08a8d88D4BFB5d1FA317d41e0fdab3
53,REDPILL,0x9ae3809bfcfaebd2996e89da972d0b1d5f34effe
54,METAFLIP,0xa49f7e4c67d62d11b0867079f5c63cf4a600b55c
55,XTRA,0x6ab5c58011a428735e924e3cc619eDeD792203EA
56,DUSD,0x5eba288f8833071ba7cd5c2b356754811c0ce8fb
57,MOR,0x6b61b24504a6378e1a99d2aa2a5efcb1f5627a3a
58,MNTTBSC,0x390037d710c86f88f05174599425b77c72eda305
59,EFT,0x21004b11939359E7E962Db6675d56f50353dF29C
60,USDA,0x6f9ac9344ba78acdcce8fc2e2f477da707a6f9d1
61,DRV,0xcd9442d70eb0e6ecf26919e62278fc4fd24c3ed2
62,XCB,0x9dcd6ab0511b2e72af3d088538d678bae9bbf552
63,SHG,0x33af7644b1f60c8e8d62689b19d60a5d132164fc
64,GER,0x0e9b29aa5aed3d65867db8b980484c8c49a7f915
65,TRUTH,0x411c9f87824b98c043db255a171a360313ebb881
66,MINITESLA,0x33778e87931ea8ee5b66776201533e40ddde1267
67,PRED,0xbdd2e3fdb879aa42748e9d47b7359323f226ba22
68,ZINAX,0xa973f2ec4ab693bb0b3a68279c9d9832e207d886
69,TCOIN,0xb8b10DaFb5546b3740886D8a77b8b9bACB44fFfD
70,SANTAWAR,0x3e2c26b79fa009a2c54efb2a17cd3459aa7fc7ba
71,DHR,0x9fEf6766ecf9e105b2753f7f8968Dc8293A69460
72,CVIP,0xe5a46bf898ce7583b612e5d168073ff773d7857e
73,ERO,0x22cbd249e6c68712da6767f1077b28c87745fa6d
74,RBO,0xEB7b6491B21565F8FCe9834526f43F7898AC3Ac1
75,ARC,0x67f785D5CF3784E8F35876dF323acf193350081f
76,ROCK,0x4ba8a637c6b36e7890c870ba7dbbd8128dac8b40
77,TPV,0x66dedb1a6d137c29274489f5d68e9840e1eec213
78,HKSM,0x958c129c3543c964c3d9fcb9dc7cf82b727aa68a
79,RTT,0x0834605689faae41708607a2761cd063775038e5
80,INSTANTXRP,0x0D1d31a3eA2FC33e79F1A2f0E2Da817042f20B58
81,TREASURE,0xC0b943b63e605cf8a75c7832C2baF46629f7F762
82,KFR,0xAcFF4E9E9110971E1A4D8f013F5f97dd8fB4F430
83,EHB,0x80cba4031f7a75b650f4146e5ceba9d7562df939
84,MNFT,0x36953B5Ec00A13eDcEceB3aF258D034913D2A79D
85,SQC,0xdc95937F687F74f8A8a33bb79F5676914eF4B6F2
86,MASTER,0x59a99b55c6e12d026cfd02ae3e38f94f102fb46b
87,XUSD,0x254246331cacbc0b2ea12bef6632e4c6075f60e2
88,CAKEBAKER,0x3fd8dcf7ce608ddd11c56e920c70edaffdd915e9
89,BCI,0x967da0d87a60e5fe7331156480c3f62ce4016b28
90,GOD,0x946813e8526f63559eef580349e205ade5ababa6
91,SHIBAMOON,0xf7958ffc6ce46de09e0ab69b7da360c38b16266b
92,SAFE,0x271c48bb9b0df4b604184ce22d436e271d42fa61
93,PURPLEFLOKI,0x83713f2219894deb559ec5530e80e3bc116334dd
94,CGAR,0x432c7cf1de2b97a013f1130f199ed9d1363215ba
95,NEC,0x0b6e1f7653cabdee71c05e6493f9bbd307072683
96,EFT,0xCcB5051962F77e6a23ecA1235c97FaD32fbB9826
97,ASGARD,0xa5593837af2b99021fe657c80d70d2365f5cfd38
98,FPS,0x213503534d927424a5cdf6d580e9fd408be9337a
99,MESA,0xb192d5fC358D35194282a1a06814aba006198010
100,INCOME,0xDFcF44e9a6D99717FC04AddD57Fb667286Bb7DC0
101,WST,0xaAdFf17d56d80312b392Ced903f3E8dBE5c3ece7
102,FARM,0xad759b4634bf48c982541c8db61b4581470b4974
103,PLUS,0xecdbf2fec71ce3007b8fb7b5b46f946d60ba5a05
104,IGO,0x247F7Ad24A2A21BA3Ae475Fb0114528C916ea3e4
105,KARA,0x1e155e26085Be757780B45a5420D9f16a938f76b
106,MONA,0xef843fb4c112e618b262f6897f479474e4586f05
107,RMARS,0xFc2037829F497ff68cc62771270ED1f409668439
108,MATATA,0xeEb97934F49E1Ef58FD29DF20d065a437D7C9f56
109,BTCBR,0x0cf8e180350253271f4b917ccfb0accc4862f262
110,BOE,0xa34e42f13b4009d2ece5f1a217f19a4c0951d77a
111,DGMUSK,0x4540cc752c008131b174ee9679b55af02360a771
112,FLN,0x1DCa5d93768BBD9F43439efF6Cc94B95F7Dc34Cf
113,FA,0x9a060ba3a914429053d0ae0197b90e8460133ef2
114,OCRA,0x87d91c5ded6ff042f8a723c9bf318a62ae804338
115,MB,0x8307E163D0e0b2c677EB312Cc314019C2Ff2E8C7
116,ODN,0x42f7332b14347c9F77A9bef1aC7bB60d2cd9Ec2e
117,MDL,0xC162d93A88e03211163C093eBBd3a5d13b7264ce
118,APX,0x78f5d389f5cdccfc41594abab4b0ed02f31398b3
119,PET,0x9CA00f0B5562914bcD84Ca6e0132CaE295cc84B7
120,APEBUSD,0xfbb1a82ce57c6a9b5a1e41e0368affdc8b18b767
121,FPUMP,0xefAB9002B8E7D465430673B25E14a11aEA848330
122,MAPES,0xbdaf8d359eaa3bf2cc46878b912261db0503a9e9
123,EPW,0xf0e5096edf070dc9b1bc8911d63c4e448a3e14c6
124,ICEBERG,0xc22e223c332e51340cc80ffbeeac088fd026ad2e
125,SHIBOSHI,0xe4C6E7a0F696Fb2356A187020eb13E742792Fdcc
126,CHIKUINU,0x2c14cbffd9963c17ff65028c52f75ea6f14205ff
127,SCP,0x384db457a2e80a47333cf57d5a550e643f515cc9
128,$CMF,0x2F86A794FEE552e98d46b33B135fF9126D6e136E
129,$JOKE,0x2df0c13487efdf4eb7f6c042273b7aca781b29a0
130,INFINITYADA,0x7f21E72d293e01A812266768b082A0293a563A18
131,WAM,a><a 
132,YETI COIN,0x1DaA04B4D70533Af4B96190bd8E7d4913F2220d9
133,YOSI,0x141df21e93460216fe0692e756927118ce4c65be
134,ORGN,0x88c676fc777c225b69869aeef5d10535de1e4f5d
135,DIK,0x98036a24a1de403e0dedf98f0ddeb412629ae69e
136,CP,0x31ce6ac6007eb0f5abbc1ca824a9e62db81e8933
137,DPT,
138,SNT,0x97329Bce201D86bbCBeebBB3B03256ABDF7b7De6
139,MM,0xbB19Ac7AFCd532B13158810FF66c16f17635De87
140,XWAP,0x4fe2598b2b29840c42ff1cb1a9cc151b09522a27
141,REALLIQ,0x19bB77FD24fc09Dd0C3E8Ea8b3781172479791E4
142,CALO,0xb6b91269413b6b99242b1c0bc611031529999999
143,DPK,0x8f2c74822B22d4f550913f7C5e7eDbd34a3167f3
144,NPTUN,0xbfc5d671ccdeb25654ef83c61b1535b2cb0a29c7
145,GMPD,0x9720ca160bbd4e7f3dd4bb3f8bd4227ca0342e63
146,LZP,0x4211959585c8f18b06dab8b5bb0bc825cad4c1de
147,SOE,0x7e92445FAf696d969d32474B4f1cCAfd95e8dCF6
148,DRUN,0x29b86ecb7d434a5571f959f1c9a812b7aab34894
149,MPC,0xd6bb010019c9d3ea177e6d2e9af7938c6e53da55
150,HCK,0x032a4e59387e08443cf1df662141da09c31cefa1
151,METAVEGAS,0xf02c5e1959c75d8105c19ee7b45a8dbad0c02d6a
152,DOGEMANIA,0x2db4878d1fd8fb84252b16ba2e6fc66cf999b007
153,PLS,0x2659cb928f6f705c1e574464361882fd6e92e1f9
154,XXP,0xe4e43305734e081db80e40602a8a3ad5c23af97d
155,CAKESWAP,0xf24d63e8b354736c97148b8fc2ffb4f7789fe453
156,BREWLABS,0x6aac56305825f712fd44599e59f2ede51d42c3e7
157,PUFFSANTA,0x35948f5ba87b0b6f320fa6af78e811be67cb1b2a
158,APX,0x992ace1acb518837ac615b380719bfc0c64eaa8f
159,CPC,0xfc4542634ebf9b7ff344e45e9640decfc1b676f4
160,SUPE,0xb972c4027818223bb7b9399b3ca3ca58186e1590
161,SPIDEYXMAS,0xeC71d11ad500AAdBe5Af0297882B741B11D647bb
162,MILLIONS,0xe8ce27f7f710982ce427d57b571cdb041d052d9b
163,WIZZY,0x9e327b55d5791bd1b08222f7886d7a82eb11acee
164,MEB,0x7268b479eb7ce8d1b37ef1ffc3b82d7383a1162d
165,SPG,
166,MRFLOKI,0xb9dd2b51ec3d52e624d05221cd8bc2fd0fde6a92
167,MCG,0x1fb02f750f019fe84cfaa0f86bc144bf0d9ea02e
168,HP,0xede1f9cdB98B4cA6A804De268b0acA18DCE192e8
169,SHIELD,0xf9b25c96c659648a805bf40b4d1dc4f22abcb936
170,FLOKIMONK,0x50276ec18765278b582c6fb4dbc2ee5f31309257
171,ZD,0x98051143830fa99848E7059E97AcB03B3cc62403
172,TANK,0x4444a19c8bb86e9bdbc023709a363bbce91af33e
173,ORKL,0x36BC1F4D4Af21df024398150Ad39627FB2c8A847
174,MTF,0x12de91acb5f544b37b1e66438324b8db26a91d8a
175,MND,0x4c97c901B5147F8C1C7Ce3c5cF3eB83B44F244fE
176,ELIT,0x4fb76a84f79ecf902da9411f3820a24b5ac79e40
177,FLOKICOKE,0xb04Abb901A47A03A44533b80Fa02434440FC4fC3
178,TRAIN,0x392528Bd4568Acf22698cC24eBFAE6aeee6EcF95
179,SOUL,0xd01bc67a6d82a4e07e505d198a55316ec01684a8
180,MW,0xca8a893a7464E82BDeE582017c749b92e5B45b48
181,GTR,0x4fb36A89eDcd377D63Fc7e39bD143685a5563594
182,BLI,0x42BE29132756ddd6e8B3B94584cA0bAb20545EEc
183,SOUL,a><a 
