,Address,Symbol,DateTime,Bought
0,0xD4877cd513D39268B7A8BD2aceeB20cfFe7DAEC0,WZRD,03-12-2022 11:09:41 GMT,
1,0xe7164BC84eC899Aeb3752D1E8648d2ea81123Cb9,GODJIRAMF,03-12-2022 11:09:08 GMT,
2,0xe516e0541137ba2672caeeefe50471f5d4701a3b,WGXY,03-12-2022 11:09:04 GMT,
3,0x83ae13c95ed62b96874204a05a2b7fc52fb1d9e4,Arceus coin,03-12-2022 11:09:04 GMT,
4,0x8753bf7848ba9ae471fc4529cf1d4a08d0e44bb4,RabbitLenders,03-12-2022 11:09:03 GMT,
5,0x521281527307521d43bc2e0fab704d9ed894d368,Ukraine,03-12-2022 11:09:03 GMT,
6,0x649e1051a9d6372238be078ab2542a78369e29c5,BREED,03-12-2022 11:09:03 GMT,
7,0xaa75b082399e4f7f479877b8956a33c31135016e,Rayquaza,03-12-2022 11:09:02 GMT,
8,0x3047e708Ef5EC2fb07071Af5520fB611DBDD12D1,CHUPAPI,03-12-2022 11:09:01 GMT,
9,0xa5ab17b06fc4fdBc801E1cD8C8530bf7579eAd59,TMD,03-12-2022 11:09:01 GMT,
10,0x4D9E85d029912bD79c9bf2139D18904a92Cb48Bb,BEVO,03-12-2022 11:09:01 GMT,
11,0x8A79b5a3469E640B305aEb5Fae9A08B8dE3401db,üééBarbie,03-12-2022 11:09:01 GMT,
12,0x432dD77ec0264Ef6d5a062f104783b27713495aA,EURC,03-12-2022 11:09:01 GMT,
13,0x89E9AD03c3bB8f8f3099514D351FC4D7Ce47aC7D,GGEZ,03-12-2022 11:09:01 GMT,
14,0x51561006A7902c0269fDfBC7c6F2Ca11a973494b,MOONNOW,03-12-2022 11:09:01 GMT,
15,0x42d485C7195Fc584f09c86b01a5Cb867f7B9fE81,DPLH,03-12-2022 11:09:01 GMT,
16,0xdAc0aE54368031ebE4b8a9C6A803aa0912Fd83bE,RSHIBA,03-12-2022 11:09:01 GMT,
17,0x469e17dC6Ad52f4b93ADF2dD213E3152f1B7244f,LUTH,03-12-2022 11:09:01 GMT,
18,0x5641ccE1D02659D700c53852b8035014C5bdB909,MAD,03-12-2022 11:09:01 GMT,
19,0xb7bAfC4F22e83c319Fa6D7325A269EC7EE7114a2,üî•MOONBURN,03-12-2022 11:09:01 GMT,
20,0x8dAF93090fb4bF1Af87265011512c7d15338B3a9,OOPS,03-12-2022 11:09:01 GMT,
21,0x1322F1a48c454A773c130b566Cc1628daCfB4D1F,STARTER,03-12-2022 11:09:01 GMT,
22,0x97f525111512b3b5a2bac52035e576a36d3862dd,GREEN,03-12-2022 11:06:03 GMT,
23,0x799eea7d4fce95be77a6536e31caebb45ce6e04d,BNEKO,03-12-2022 11:06:03 GMT,
24,0xf1cf9654236b892eebc8cda753698c9b75a63c49,BIRDY,03-12-2022 11:06:02 GMT,
25,0x808a663b996484503cbc6fdc05e091cd38945a83,ARCEUS,03-12-2022 11:03:03 GMT,
26,0x18799150b0316ba634df64b9ce3f96921198a6f4,PHC,03-12-2022 11:03:03 GMT,
27,0x252c36f9fc081a42cb3ace09ea6449389d93af56,SmallYellowDuck,03-12-2022 11:00:07 GMT,
28,0x2346c8c21467201d35754fc6401bec683e7f5547,BE,03-12-2022 11:00:07 GMT,
29,0x7c60abe88e1bc4bde5f39ff48ad7dab851e8faef,K400,03-12-2022 11:00:06 GMT,
30,0x920c445D9961fafB00f87729d7C1c7Ee1a136174,SPY,03-12-2022 11:00:03 GMT,
31,0x22f66c2D29269b0A902677a34c85E6E3A845AD8C,MAPLE,03-12-2022 11:00:03 GMT,
32,0x0890D6966FDaF37706B3b4D11F1ED4DABcCEA509,SUICIDAL MAN,03-12-2022 11:00:03 GMT,
33,0x4d0864774F74843F993d009a012B588DcE5e10c2,SPA,03-12-2022 11:00:03 GMT,
34,0x90b5Cc47cfFEFfdDD3bC76c06513Cf8936Fa6067,MNM,03-12-2022 11:00:03 GMT,
35,0xD0575b3dA41D9C99DE76D06C7A94F0C7F6824455,FATSHIB,03-12-2022 11:00:03 GMT,
36,0xD5A19261409A38Fa2249226a7E096cc426178252,CFG,03-12-2022 11:00:03 GMT,
37,0xe423F564AEdc01b2712100BCA6189D8B6ACdEEaD,XKI,03-12-2022 11:00:03 GMT,
38,0x8Edcd2BA1a4DbF7d2d4d5E060B4823D068Ab3331,BSCBULL,03-12-2022 11:00:03 GMT,
39,0x49bC7BFa275A34A4BbF64d8E526846F7ea59B243,CakeSwap,03-12-2022 11:00:03 GMT,
40,0x0E0a32b99A626649945777150439851dE38f3cb0,TOPSHOT,03-12-2022 11:00:03 GMT,
41,0x14137Be5bfed2da3BD0E3f6E90C13cE0C224012F,FIFA,03-12-2022 11:00:03 GMT,
42,0xab5C7e9DC5F377E338671C812b898d2A879f2397,$AKITAS,03-12-2022 11:00:03 GMT,
43,0x94E5Fc306cf81a1b108B4155bb004525BA578cF8,CHSWAP,03-12-2022 11:00:03 GMT,
44,0x83bcc940b65380bb2D3020429Be2527A205D50Cb,SweatyBalls,03-12-2022 11:00:03 GMT,
45,0x1F5591D06F8d537f43B5c4348727f54fBa4140E2,fuk,03-12-2022 11:00:03 GMT,
46,0xcd341f1eca8c071a5cdbda838068e5af94697789,pimars,03-12-2022 10:57:03 GMT,
47,0xfc04e4866f2427e7ffa76d7597c6b2d4b6c68f5f,Mecha Inu,03-12-2022 10:57:03 GMT,
48,0x9dbad6145cf9611c7dd0cf8fe95ed27d8854c996,RFP,03-12-2022 10:57:03 GMT,
49,0x14137Be5bfed2da3BD0E3f6E90C13cE0C224012F,FIFA,03-12-2022 11:00:03 GMT,
50,0xab5C7e9DC5F377E338671C812b898d2A879f2397,$AKITAS,03-12-2022 11:00:03 GMT,
51,0x94E5Fc306cf81a1b108B4155bb004525BA578cF8,CHSWAP,03-12-2022 11:00:03 GMT,
52,0x83bcc940b65380bb2D3020429Be2527A205D50Cb,SweatyBalls,03-12-2022 11:00:03 GMT,
53,0x1F5591D06F8d537f43B5c4348727f54fBa4140E2,fuk,03-12-2022 11:00:03 GMT,
54,0xcd341f1eca8c071a5cdbda838068e5af94697789,pimars,03-12-2022 10:57:03 GMT,
55,0xfc04e4866f2427e7ffa76d7597c6b2d4b6c68f5f,Mecha Inu,03-12-2022 10:57:03 GMT,
56,0x9dbad6145cf9611c7dd0cf8fe95ed27d8854c996,RFP,03-12-2022 10:57:03 GMT,
57,0xcb3752843269011404b8297e57c505cd55efaaa6,Puffin,03-12-2022 11:18:02 GMT,
58,0xf74bf3e2cc9189bd9cdebb165d23286b6554c6bc,SICK,03-12-2022 11:18:02 GMT,
59,0x9592dc595a23d9e9479134b70d5afe73ad01f802,Rayquaza,03-12-2022 11:15:05 GMT,
60,0x6b3b1bb8bdc42b477b119154a0973c249660c6e9,ElonBird,03-12-2022 11:15:04 GMT,
61,0x397917d618b2d0fd571247291af59a45e81b092b,Pengiun Inu,03-12-2022 11:15:04 GMT,
62,0xbd8c29f1d060c59807e4385f5ad4f98308598be8,RA,03-12-2022 11:15:03 GMT,
63,0xcbf5ad69c9783e9c4f64ec147a43204048e48d79,COL,03-12-2022 11:12:03 GMT,
64,0x397917d618b2d0fd571247291af59a45e81b092b,Pengiun Inu,03-12-2022 11:15:04 GMT,
65,0xbd8c29f1d060c59807e4385f5ad4f98308598be8,RA,03-12-2022 11:15:03 GMT,
66,0xcbf5ad69c9783e9c4f64ec147a43204048e48d79,COL,03-12-2022 11:12:03 GMT,
67,0xD4877cd513D39268B7A8BD2aceeB20cfFe7DAEC0,WZRD,03-12-2022 11:09:41 GMT,
68,0xe7164BC84eC899Aeb3752D1E8648d2ea81123Cb9,GODJIRAMF,03-12-2022 11:09:08 GMT,
69,0xe516e0541137ba2672caeeefe50471f5d4701a3b,WGXY,03-12-2022 11:09:04 GMT,
70,0x83ae13c95ed62b96874204a05a2b7fc52fb1d9e4,Arceus coin,03-12-2022 11:09:04 GMT,
71,0x8753bf7848ba9ae471fc4529cf1d4a08d0e44bb4,RabbitLenders,03-12-2022 11:09:03 GMT,
72,0x521281527307521d43bc2e0fab704d9ed894d368,Ukraine,03-12-2022 11:09:03 GMT,
73,0x649e1051a9d6372238be078ab2542a78369e29c5,BREED,03-12-2022 11:09:03 GMT,
74,0xaa75b082399e4f7f479877b8956a33c31135016e,Rayquaza,03-12-2022 11:09:02 GMT,
75,0x3047e708Ef5EC2fb07071Af5520fB611DBDD12D1,CHUPAPI,03-12-2022 11:09:01 GMT,
76,0xa5ab17b06fc4fdBc801E1cD8C8530bf7579eAd59,TMD,03-12-2022 11:09:01 GMT,
77,0x4D9E85d029912bD79c9bf2139D18904a92Cb48Bb,BEVO,03-12-2022 11:09:01 GMT,
78,0x8A79b5a3469E640B305aEb5Fae9A08B8dE3401db,üééBarbie,03-12-2022 11:09:01 GMT,
79,0x432dD77ec0264Ef6d5a062f104783b27713495aA,EURC,03-12-2022 11:09:01 GMT,
80,0x89E9AD03c3bB8f8f3099514D351FC4D7Ce47aC7D,GGEZ,03-12-2022 11:09:01 GMT,
81,0x51561006A7902c0269fDfBC7c6F2Ca11a973494b,MOONNOW,03-12-2022 11:09:01 GMT,
82,0x42d485C7195Fc584f09c86b01a5Cb867f7B9fE81,DPLH,03-12-2022 11:09:01 GMT,
83,0xdAc0aE54368031ebE4b8a9C6A803aa0912Fd83bE,RSHIBA,03-12-2022 11:09:01 GMT,
84,0x469e17dC6Ad52f4b93ADF2dD213E3152f1B7244f,LUTH,03-12-2022 11:09:01 GMT,
85,0x5641ccE1D02659D700c53852b8035014C5bdB909,MAD,03-12-2022 11:09:01 GMT,
86,0xb7bAfC4F22e83c319Fa6D7325A269EC7EE7114a2,üî•MOONBURN,03-12-2022 11:09:01 GMT,
87,0x8dAF93090fb4bF1Af87265011512c7d15338B3a9,OOPS,03-12-2022 11:09:01 GMT,
88,0x1322F1a48c454A773c130b566Cc1628daCfB4D1F,STARTER,03-12-2022 11:09:01 GMT,
89,0x97f525111512b3b5a2bac52035e576a36d3862dd,GREEN,03-12-2022 11:06:03 GMT,
90,0x979925b928ba2161542ea4be1d1c28467b63a335,Football,03-12-2022 11:33:03 GMT,True
91,0x5efbf8c6f4752a0e685040fb9446972be9bf5d98,Siuuu,03-12-2022 11:30:07 GMT,
92,0xe8bfe2d11c551bf23ef938c80d3e4c86fbd01fb3,JustinSun,03-12-2022 11:30:06 GMT,
93,0xdd88c1da6fbc2f5970eec6985f6a7c360f146501,Hepitic,03-12-2022 11:30:06 GMT,True
94,0x4c3f031d6c78accd1397c944c54a49fbc43b5f88,UP2K22,03-12-2022 11:30:05 GMT,
95,0xeb2dcc85c10a43c13cbfc7a3c4ff69a90ee7fe5d, Herso,03-12-2022 11:30:05 GMT,
96,0x3692a4d05fdd677f73b520dc6b38379fcc1ed783,NYN,03-12-2022 11:30:04 GMT,
97,0xbf1b78760c0ff2d77e347edb69c4713f1b0ccb82,PooCat,03-12-2022 11:30:04 GMT,
98,0x710CC8D395Eb7Ff21929cD9362eF9f095699c683,GOOGLEVERSE,03-12-2022 11:30:03 GMT,
99,0x4B037d8493BC7DBb199cA08B56F95A398d58D257,CHDT,03-12-2022 11:29:09 GMT,
100,0xf6d7181B5a07C2C2F38d044E5c5D15E63624a217,GOL,03-12-2022 11:28:06 GMT,
101,0xE5a84137705e1F0D4351e5B46Cb83082f004457b,KIREINEKO,03-12-2022 11:28:03 GMT,
102,0xcb4cf660f961aa52200554fa4772e716f771bf5b,SSW,03-12-2022 11:27:03 GMT,True
103,0x95ecafeeDCf51785C74697E742eb05AFafD02356,NDOG,03-12-2022 11:27:02 GMT,
104,0xFF70649F33639B4d3bDA278d01f6648f5a83C1EE,SMH,03-12-2022 11:27:02 GMT,
105,0x724288B9Ff782B2052b8b16F322613fdcdAc85aE,LOVE,03-12-2022 11:27:02 GMT,
106,0x4Eee7a077bA5A45d53164A51C6392d4A7aDF709E,CBS,03-12-2022 11:27:02 GMT,
107,0x259969FE645B428786AE888F4b062EEc49394297,ORT,03-12-2022 11:27:02 GMT,
108,0x1F34dDC71B8b5940fC3B1abd97854f30c7484ADa,HUA,03-12-2022 11:27:02 GMT,
109,0xEae75550fce6AfC68433ba0a7f7d6D2d2b5c9257,JSHIBA,03-12-2022 11:27:02 GMT,
110,0x5cf3A20C1116F0C40ca5D29B253ae69Fd8EaC22B,BBIRD,03-12-2022 11:27:02 GMT,
111,0xF7e59926d4dDE086Cf28A5C0DBEC119C90A50f57,SHIBAKEN,03-12-2022 11:27:02 GMT,
112,0xa0e63088eCda07DBEFf9D7AADd60e02EDB597499,9ine,03-12-2022 11:27:02 GMT,
113,0x14E7E3f196469E2e424126887f22Da246dAeD7c9,MOONUFO,03-12-2022 11:27:02 GMT,
114,0x35867b1a25A4dA9926Ce52C253735CfFcAe1d69A,18K,03-12-2022 11:27:02 GMT,
115,0x011cf85bada1d878c8db20cde897ca9d28e24230,METAGS,03-12-2022 11:27:02 GMT,
116,0xbf1b78760c0ff2d77e347edb69c4713f1b0ccb82,PooCat,03-12-2022 11:30:04 GMT,
117,0x710CC8D395Eb7Ff21929cD9362eF9f095699c683,GOOGLEVERSE,03-12-2022 11:30:03 GMT,
118,0x4B037d8493BC7DBb199cA08B56F95A398d58D257,CHDT,03-12-2022 11:29:09 GMT,
119,0xf6d7181B5a07C2C2F38d044E5c5D15E63624a217,GOL,03-12-2022 11:28:06 GMT,
120,0xE5a84137705e1F0D4351e5B46Cb83082f004457b,KIREINEKO,03-12-2022 11:28:03 GMT,
121,0xcb4cf660f961aa52200554fa4772e716f771bf5b,SSW,03-12-2022 11:27:03 GMT,True
122,0x95ecafeeDCf51785C74697E742eb05AFafD02356,NDOG,03-12-2022 11:27:02 GMT,
123,0xFF70649F33639B4d3bDA278d01f6648f5a83C1EE,SMH,03-12-2022 11:27:02 GMT,
124,0x724288B9Ff782B2052b8b16F322613fdcdAc85aE,LOVE,03-12-2022 11:27:02 GMT,
125,0x4Eee7a077bA5A45d53164A51C6392d4A7aDF709E,CBS,03-12-2022 11:27:02 GMT,
126,0x259969FE645B428786AE888F4b062EEc49394297,ORT,03-12-2022 11:27:02 GMT,
127,0x1F34dDC71B8b5940fC3B1abd97854f30c7484ADa,HUA,03-12-2022 11:27:02 GMT,
128,0xEae75550fce6AfC68433ba0a7f7d6D2d2b5c9257,JSHIBA,03-12-2022 11:27:02 GMT,
129,0x5cf3A20C1116F0C40ca5D29B253ae69Fd8EaC22B,BBIRD,03-12-2022 11:27:02 GMT,
130,0xF7e59926d4dDE086Cf28A5C0DBEC119C90A50f57,SHIBAKEN,03-12-2022 11:27:02 GMT,
131,0xa0e63088eCda07DBEFf9D7AADd60e02EDB597499,9ine,03-12-2022 11:27:02 GMT,
132,0x14E7E3f196469E2e424126887f22Da246dAeD7c9,MOONUFO,03-12-2022 11:27:02 GMT,
133,0x35867b1a25A4dA9926Ce52C253735CfFcAe1d69A,18K,03-12-2022 11:27:02 GMT,
134,0x011cf85bada1d878c8db20cde897ca9d28e24230,METAGS,03-12-2022 11:27:02 GMT,
135,0x15cbc6c6f63ee55a254170a49b3c2c81942e2b18,APPLE,03-12-2022 11:21:04 GMT,
136,0xad7de1c26828d18d496a1c50b34503ad4f3b15cd,DKM,03-12-2022 11:21:04 GMT,
137,0x8f4f5BB13bC11dD49Ca60A7d6D480e7a49a43082,carlix,03-12-2022 11:20:03 GMT,
138,0xe8c0C95Ad70a2cC5b0d8A15C53B4A6B921b1c11b,SafeKong,03-12-2022 11:20:03 GMT,
139,0x0FF9b3ACf50B0E8ee45b31A3EC1540E6a5ccC211,KERBY,03-12-2022 11:20:03 GMT,
140,0x1Cce4B569317a02014dACb542Eb0a04D8A6D2430,GLASS,03-12-2022 11:20:03 GMT,
141,0xd74e7D647842AB76381E88EEb0aeb5B7Aa013D79,SPLAIDTESLA,03-12-2022 11:20:03 GMT,
142,0xC4FaA37d8154a18525b59886979caE8CC35cc536,PITJUPITER,03-12-2022 11:20:03 GMT,
143,0xC6fb7865600bc02c8B4687CE1D92755099902C96,BUNNY,03-12-2022 11:20:03 GMT,
144,0x28430641Fd3810120AE1F263eC15D209a7656e45,PEPPADOGE,03-12-2022 11:20:02 GMT,
145,0x2E7c49498d854f543D078ab2053570a99335047F,UCASH,03-12-2022 11:20:02 GMT,
146,0x18754B5B5FFC44EaF2864309b0f30739D5214198,AURORA,03-12-2022 11:20:02 GMT,
147,0xfe896B95DA483B9227e3590a696AfdaaA6A3556C,LAPE,03-12-2022 11:20:02 GMT,
148,0xC313DF91f537AD0208A995246fC78678b5F56207,SYA,03-12-2022 11:20:02 GMT,
149,0x1f68fF886414A2fbaA9e9f8CB2d31B338fBDDf21,king,03-12-2022 11:20:02 GMT,
150,0xcBFDbEA4ab822863291320bde9157692C9485A52,HOTCROSS,03-12-2022 11:20:02 GMT,
151,0x80Ad6B81de28d77447EFb861c4eb65F01C8e72F1,Save,03-12-2022 11:20:02 GMT,
152,0xb511E125cBA7Cdbd1C818585716594C38A4dd0f0,MEGAVIEW,03-12-2022 11:20:02 GMT,
153,0xcb3752843269011404b8297e57c505cd55efaaa6,Puffin,03-12-2022 11:18:02 GMT,
154,0xf74bf3e2cc9189bd9cdebb165d23286b6554c6bc,SICK,03-12-2022 11:18:02 GMT,
155,0x9592dc595a23d9e9479134b70d5afe73ad01f802,Rayquaza,03-12-2022 11:15:05 GMT,
156,0x6b3b1bb8bdc42b477b119154a0973c249660c6e9,ElonBird,03-12-2022 11:15:04 GMT,
157,0x5bec1ac2711d1119b471c2aa9117b826275ef05b,Vdog,03-12-2022 11:51:03 GMT,
158,0x049387543267393e7041c09E37f008A302cb31e1,PO,03-12-2022 11:49:30 GMT,
159,0x189Da632e7FFFdc79a33190B7312bF4A726b1198,PER,03-12-2022 11:49:27 GMT,
160,0x2e72bc58Ab3a96180D3e752E3010CB1a08Cf417e,MOONI,03-12-2022 11:49:12 GMT,
161,0x5ED40531D300b455eeDb82409FB5ADd26DA4fD1D,CVT,03-12-2022 11:49:01 GMT,
162,0x206a4795d0d32d8bbdA8b13Ca43d644961e205e3,BUNNY,03-12-2022 11:49:01 GMT,
163,0x2312E61C763452730bdf86F312723960177f1901,OCLT,03-12-2022 11:49:01 GMT,
164,0xB1Bd96593f9DB5B4f33CC4257039ca6d72719A1C,SHIBDEAD,03-12-2022 11:49:01 GMT,
165,0x204b68DB93ac46C9651ebAF2c7fa894d93670Fa4,RESCUESHIB,03-12-2022 11:49:01 GMT,
166,0x7B06523EC73FEcC0E86654bd1A5cFD35dfeAe689,üê∂SSHIBA,03-12-2022 11:49:01 GMT,
167,0xaB63976eD95431b3EE360A5C94628C7CF9E5b312,MCG,03-12-2022 11:49:01 GMT,
168,0xb91894c39A5b3F4c5eC630B93C1b81f988BA11c2,CRT,03-12-2022 11:49:01 GMT,
169,0x632042107fCafAE336726f0c3540BFe507B850ff,DEGOMOON-Test1,03-12-2022 11:49:01 GMT,
170,0x0334ea4E90E715554F70Fed143A13D324B384528,LUCKY,03-12-2022 11:49:01 GMT,
171,0x6d32d3A1dAd83Bc79a41a62c02fEaAC3276887B1,BLOG,03-12-2022 11:49:01 GMT,
172,0x52eC91BAf706E21c9c4A73D0d4f81858C2e8a79F,AOB,03-12-2022 11:49:01 GMT,
173,0xddA72Cf25b4DF2eb88752c64AB2d3fA07C163499,WEED,03-12-2022 11:49:01 GMT,
174,0x1636fa48AB7C1706dcD105b9FA9D9B14F716E411,GENK,03-12-2022 11:49:01 GMT,
175,0xf1ca88de835da9318155e4d5a8519fef7cbe2a6a,BiDAO,03-12-2022 11:48:04 GMT,
176,0xdaca4a68ca7a350d8f034898058b99bbf11399d7,WOLFDAO,03-12-2022 11:48:03 GMT,
177,0xfd1e5a2641b9285db326b6fa40e22c7bceeb7143,CMD,03-12-2022 11:45:02 GMT,True
178,0x6bbc520b77b8695333ad1115f79b38ab4403a902,INS,03-12-2022 11:45:02 GMT,
179,0xfC36E7d4B3C687eec925FD7b032FcAdc6611e60B,DGMT,03-12-2022 11:40:01 GMT,
180,0xA41B4b9f6d21e7B6ecC42F8c39cE8bB9cfd6bF73,GYC,03-12-2022 11:39:57 GMT,
181,0xF396C809B83291b811885EE764332873DCd31ccb,Gorilla,03-12-2022 11:39:48 GMT,True
182,0x0d450bf37Ec899cCA90ede124b3E69C9Ae2F2F1C,FYH,03-12-2022 11:39:33 GMT,
183,0x1056232b90a87e4db9320bdded387ef948806481,CEREAL,03-12-2022 11:39:03 GMT,
184,0x55b62bfe61cdc085895a3136b89dde8c7b743b1c,THT,03-12-2022 11:39:03 GMT,
185,0xAE5c928d89F891f8F2680efEB9b7B568f9FEf7Ca,RAINBOW,03-12-2022 11:39:01 GMT,
186,0x0529DA5E79Ad4BD87F828B93ACC4642C5856C3bE,CP,03-12-2022 11:39:01 GMT,
187,0xaC09Bc12CE8BBf7535c4EA88e30BC235C9342E98,DOGY,03-12-2022 11:39:01 GMT,
188,0x007aBaFCf72916daf3527D1408878642c78cD65f,FC,03-12-2022 11:39:01 GMT,
189,0x69902b9a26f9F5ffddC5a11f9fFD5eda55AbF481,KRSHU,03-12-2022 11:39:01 GMT,
190,0xf4C1493C7C3F735F5B08EC692F47bE2583515613,$MOONGOLDüåï,03-12-2022 11:39:01 GMT,
191,0x62459e7C6DA534d8A03a310D010a6519d28A7619,POS,03-12-2022 11:39:01 GMT,
192,0x9777Cdf8BE5310Cda152753305075071a86a1Bd2,Vibra,03-12-2022 11:39:01 GMT,
193,0x66aD087aBb854892AD9Bb8fea72e1b5AE7C449eA,DOGESOUP,03-12-2022 11:39:01 GMT,
194,0x1e55e65180ec8A1D6F5D9F4a6E3da16B6ac8A7F8,DEGOMOON-Test1,03-12-2022 11:39:01 GMT,
195,0xd0f76eBF9eDC2aa9c3bd36f674FD9ecc9A5b4033,TMP,03-12-2022 11:39:01 GMT,
196,0xc1088F7DfdE6B6D7c08C80C7C76e49C1297ec8c3,JPTY,03-12-2022 11:39:01 GMT,
197,0xe69dAae65A43F457887C59e32Fd9d25C5f8eca00,VIA,03-12-2022 11:39:01 GMT,
198,0xd83a442e2d0bdf3af4260ff020d48d8fda10f5f9,BLKB,03-12-2022 11:36:03 GMT,
199,0x5bec1ac2711d1119b471c2aa9117b826275ef05b,Vdog,03-12-2022 11:51:03 GMT,
200,0x049387543267393e7041c09E37f008A302cb31e1,PO,03-12-2022 11:49:30 GMT,
201,0x189Da632e7FFFdc79a33190B7312bF4A726b1198,PER,03-12-2022 11:49:27 GMT,
202,0x2e72bc58Ab3a96180D3e752E3010CB1a08Cf417e,MOONI,03-12-2022 11:49:12 GMT,
203,0x5ED40531D300b455eeDb82409FB5ADd26DA4fD1D,CVT,03-12-2022 11:49:01 GMT,
204,0x206a4795d0d32d8bbdA8b13Ca43d644961e205e3,BUNNY,03-12-2022 11:49:01 GMT,
205,0x2312E61C763452730bdf86F312723960177f1901,OCLT,03-12-2022 11:49:01 GMT,
206,0xB1Bd96593f9DB5B4f33CC4257039ca6d72719A1C,SHIBDEAD,03-12-2022 11:49:01 GMT,
207,0x204b68DB93ac46C9651ebAF2c7fa894d93670Fa4,RESCUESHIB,03-12-2022 11:49:01 GMT,
208,0x7B06523EC73FEcC0E86654bd1A5cFD35dfeAe689,üê∂SSHIBA,03-12-2022 11:49:01 GMT,
209,0xaB63976eD95431b3EE360A5C94628C7CF9E5b312,MCG,03-12-2022 11:49:01 GMT,
210,0xb91894c39A5b3F4c5eC630B93C1b81f988BA11c2,CRT,03-12-2022 11:49:01 GMT,
211,0x632042107fCafAE336726f0c3540BFe507B850ff,DEGOMOON-Test1,03-12-2022 11:49:01 GMT,
212,0x0334ea4E90E715554F70Fed143A13D324B384528,LUCKY,03-12-2022 11:49:01 GMT,
213,0x6d32d3A1dAd83Bc79a41a62c02fEaAC3276887B1,BLOG,03-12-2022 11:49:01 GMT,
214,0x52eC91BAf706E21c9c4A73D0d4f81858C2e8a79F,AOB,03-12-2022 11:49:01 GMT,
215,0xddA72Cf25b4DF2eb88752c64AB2d3fA07C163499,WEED,03-12-2022 11:49:01 GMT,
216,0x1636fa48AB7C1706dcD105b9FA9D9B14F716E411,GENK,03-12-2022 11:49:01 GMT,
217,0xf1ca88de835da9318155e4d5a8519fef7cbe2a6a,BiDAO,03-12-2022 11:48:04 GMT,
218,0xdaca4a68ca7a350d8f034898058b99bbf11399d7,WOLFDAO,03-12-2022 11:48:03 GMT,
219,0xfd1e5a2641b9285db326b6fa40e22c7bceeb7143,CMD,03-12-2022 11:45:02 GMT,
220,0x6bbc520b77b8695333ad1115f79b38ab4403a902,INS,03-12-2022 11:45:02 GMT,
221,0xfC36E7d4B3C687eec925FD7b032FcAdc6611e60B,DGMT,03-12-2022 11:40:01 GMT,
222,0xA41B4b9f6d21e7B6ecC42F8c39cE8bB9cfd6bF73,GYC,03-12-2022 11:39:57 GMT,
223,0xF396C809B83291b811885EE764332873DCd31ccb,Gorilla,03-12-2022 11:39:48 GMT,
224,0x0d450bf37Ec899cCA90ede124b3E69C9Ae2F2F1C,FYH,03-12-2022 11:39:33 GMT,
225,0x1056232b90a87e4db9320bdded387ef948806481,CEREAL,03-12-2022 11:39:03 GMT,
226,0x55b62bfe61cdc085895a3136b89dde8c7b743b1c,THT,03-12-2022 11:39:03 GMT,
227,0xAE5c928d89F891f8F2680efEB9b7B568f9FEf7Ca,RAINBOW,03-12-2022 11:39:01 GMT,
228,0x0529DA5E79Ad4BD87F828B93ACC4642C5856C3bE,CP,03-12-2022 11:39:01 GMT,
229,0xaC09Bc12CE8BBf7535c4EA88e30BC235C9342E98,DOGY,03-12-2022 11:39:01 GMT,
230,0x007aBaFCf72916daf3527D1408878642c78cD65f,FC,03-12-2022 11:39:01 GMT,
231,0x69902b9a26f9F5ffddC5a11f9fFD5eda55AbF481,KRSHU,03-12-2022 11:39:01 GMT,
232,0xf4C1493C7C3F735F5B08EC692F47bE2583515613,$MOONGOLDüåï,03-12-2022 11:39:01 GMT,
233,0x62459e7C6DA534d8A03a310D010a6519d28A7619,POS,03-12-2022 11:39:01 GMT,
234,0x9777Cdf8BE5310Cda152753305075071a86a1Bd2,Vibra,03-12-2022 11:39:01 GMT,
235,0x66aD087aBb854892AD9Bb8fea72e1b5AE7C449eA,DOGESOUP,03-12-2022 11:39:01 GMT,
236,0x1e55e65180ec8A1D6F5D9F4a6E3da16B6ac8A7F8,DEGOMOON-Test1,03-12-2022 11:39:01 GMT,
237,0xd0f76eBF9eDC2aa9c3bd36f674FD9ecc9A5b4033,TMP,03-12-2022 11:39:01 GMT,
238,0xc1088F7DfdE6B6D7c08C80C7C76e49C1297ec8c3,JPTY,03-12-2022 11:39:01 GMT,
239,0xe69dAae65A43F457887C59e32Fd9d25C5f8eca00,VIA,03-12-2022 11:39:01 GMT,
240,0xd83a442e2d0bdf3af4260ff020d48d8fda10f5f9,BLKB,03-12-2022 11:36:03 GMT,
241,0x979925b928ba2161542ea4be1d1c28467b63a335,Football,03-12-2022 11:33:03 GMT,
242,0x5efbf8c6f4752a0e685040fb9446972be9bf5d98,Siuuu,03-12-2022 11:30:07 GMT,
243,0xe8bfe2d11c551bf23ef938c80d3e4c86fbd01fb3,JustinSun,03-12-2022 11:30:06 GMT,
244,0xdd88c1da6fbc2f5970eec6985f6a7c360f146501,Hepitic,03-12-2022 11:30:06 GMT,
245,0x4c3f031d6c78accd1397c944c54a49fbc43b5f88,UP2K22,03-12-2022 11:30:05 GMT,
246,0xeb2dcc85c10a43c13cbfc7a3c4ff69a90ee7fe5d, Herso,03-12-2022 11:30:05 GMT,
247,0x3692a4d05fdd677f73b520dc6b38379fcc1ed783,NYN,03-12-2022 11:30:04 GMT,
248,0xf54699255c9e0fe1b372192a66bf1e184013533e,K400,03-12-2022 13:24:04 GMT,
249,0x6ae5688e9ea2ea35b1dce2e426e0a9fb8bbb967d,SATOSHI,03-12-2022 13:24:03 GMT,
250,0x39e4e8984c8c7ec0f0a5b1e3b25b54c937b53145,CATF,03-12-2022 13:24:03 GMT,
251,0xe57ca7e4801750038164b2ab2e6ff618e765079b,üï∑Ô∏è,03-12-2022 13:24:02 GMT,
252,0xa0ceca237ef94a34a0d3fe5e429eb2ca4bfb3252,CATS,03-12-2022 13:21:04 GMT,
253,0x5707c27b620950a79ca3136dd76eb3cddca6fc9e,XNS,03-12-2022 13:21:04 GMT,
254,0x3c8a86661adc2a68c8f687d0aac27d5579702393,OPTIMA,03-12-2022 13:21:03 GMT,
255,0xb29be748f9a173cef48ee7d4e7afe808170bb6f3,CATFLOKI,03-12-2022 13:21:03 GMT,
256,0x9BD66a9A98D932EA3e771b571BE922E8247f8A09,PEPE,03-12-2022 13:19:49 GMT,
257,0xDb2193ee2EEB12f32c06Ff8A620dc0e4a5c6a011,VirusKiller,03-12-2022 13:19:16 GMT,
258,0x6fa571f37d5c61dad05ff8b37e3a4df0be8d3d85,elliptic.co,03-12-2022 13:18:04 GMT,
259,0xf8f53083c34e7c2ab16e90df7dca227355e89f45,SC,03-12-2022 13:18:03 GMT,
260,0x4acb527064c45df811031e8f6032bcb6ea705182,SafuSatoshi,03-12-2022 13:18:03 GMT,
261,0x601e9cdc3fe0bcd9dea6bad50892043f1c8c967a,BShib,03-12-2022 13:18:03 GMT,
262,0x1931c4e451a1d0ea42bc91f3be40093fadc627a1,Fools,03-12-2022 13:18:02 GMT,
263,0x0c2d53ba17013d7d5a8848f267e5f5ff6108f2ce,Turkey Coin,03-12-2022 13:18:02 GMT,
264,0x6CBAfD2F10DC349154D6EC1A6C8E7e6Aa374871F,CALYP,03-12-2022 13:18:01 GMT,
265,0x19cd33d6514850B6f45E36120db24fD3dAbF0048,TRU,03-12-2022 13:18:01 GMT,
266,0x5F5bAFf0FB60D3a0071a7bA1De74293C834a4618,Tiru,03-12-2022 13:18:01 GMT,
267,0x30Cd1Eb96d9fFBcFDD2f3fb2D66350A42449E25C,NWC,03-12-2022 13:18:01 GMT,
268,0x401468025284cFae515BDE1cd00cFCc5c9B40C73,YEEZY,03-12-2022 13:18:01 GMT,
269,0x8a54736e3019b5905A096A3Db785c93415728b01,JJ,03-12-2022 13:18:01 GMT,
270,0xde959C067AeC18fD27F71985b54f632FefE11233,FUR,03-12-2022 13:18:01 GMT,
271,0x74CB91879F142A1f0C767CB4B3e0512Bb7d7b0d9,CMS,03-12-2022 13:18:01 GMT,
272,0xc5BDdBf4Cbc0dA5C41d50497b46830a00cFd11C3,BOOKING,03-12-2022 13:18:01 GMT,
273,0xF527CAcB7cF1fF292D43F3cFEEBaECBce8935617,NoWarCoin,03-12-2022 13:18:01 GMT,
274,0xf9673F4Aee532f58FBDf33BBE2a74A20B809f6c8,SNAP,03-12-2022 13:18:01 GMT,
275,0xfD06970387582382fd09bb978D3a7Fc4C3e7f0bF,SKB,03-12-2022 13:18:01 GMT,
276,0x03002DDf2cE9a8214fddAa932D66Ca33dad4cf55,INUJUPITER,03-12-2022 13:18:01 GMT,
277,0x28E8DE05322Aba6e12b14d92004617D0f999DfE0,NWC,03-12-2022 13:18:01 GMT,
278,0xa4bc4fC46aD25d90C7Ab27cB3bd0551E3618D035,AA,03-12-2022 13:18:01 GMT,
279,0x3e1e2a060b56cc8c0fdb4e737e027c40192ed841,ÂìàÂ∏å,03-12-2022 13:15:05 GMT,
280,0xc4e8a0efdce9db8677abf3786805d656e8f1f980,HANDY,03-12-2022 13:15:05 GMT,
281,0xa229dcb5a1f9c4998a1247f0c0d719fe4120bc50,MYI,03-12-2022 13:15:04 GMT,
282,0xc567680a5a7f3aac0abab6820c16c6017cdd570e,KTINU,03-12-2022 13:15:04 GMT,
283,0x11e7158fbdbff9c11bfd1a82927e2dd2eb9542b1,ü¶™OYP,03-12-2022 13:14:15 GMT,
284,0xad0c640da6a14e1bb9a48d95609f83982767a047,ZK,03-12-2022 13:12:02 GMT,
285,0x8462bc29e459ac12e47efdf3eb14ae0f981d4f0b,Catpillar,03-12-2022 13:12:02 GMT,
286,0xf1eeD657eCBa499212485358950EbC0c965598e7,USDM,03-12-2022 13:10:01 GMT,
287,0x1CaEB36BdeFf3E720C1e8bBAAbB24a462044b2Ac,PIKACHUCOIN,03-12-2022 13:09:52 GMT,
288,0x8091eE61Ead3233967C7214F910ac3A5dF393151,MRD,03-12-2022 13:09:46 GMT,
289,0x29661d4ecb814f0e1fc87e85cb9bbb36f44e22b0,SRT,03-12-2022 13:09:04 GMT,
290,0x3f6694ee82b8b6d1a09b3492c2eb0c3b2d122fd1,SNUBBUL,03-12-2022 13:09:04 GMT,
291,0x4354816314caeadaf2b6edd290a65bf97c00712e,VirusKiller,03-12-2022 13:09:04 GMT,
292,0x76b2e6e33dd944a015783da180c04ce290bbd547,KNC,03-12-2022 13:09:03 GMT,
293,0x8D7E2ED650412e9cFF9f43e15b1A906e6D77e0Ef,EYF,03-12-2022 13:08:01 GMT,
294,0x6C8cAB84b937834CD7C707865c0589CEe83d7Fc6,MOZ,03-12-2022 13:08:01 GMT,
295,0x8CAAd56Bb3de802C4745589F33f57743CE830451,SAF,03-12-2022 13:08:01 GMT,
296,0xDE5eD5071Eef60553538872b42AfD6f0cfa89B1c,BT,03-12-2022 13:08:01 GMT,
297,0x4acb527064c45df811031e8f6032bcb6ea705182,SafuSatoshi,03-12-2022 13:18:03 GMT,
298,0x601e9cdc3fe0bcd9dea6bad50892043f1c8c967a,BShib,03-12-2022 13:18:03 GMT,
299,0x1931c4e451a1d0ea42bc91f3be40093fadc627a1,Fools,03-12-2022 13:18:02 GMT,
300,0x0c2d53ba17013d7d5a8848f267e5f5ff6108f2ce,Turkey Coin,03-12-2022 13:18:02 GMT,
301,0x6CBAfD2F10DC349154D6EC1A6C8E7e6Aa374871F,CALYP,03-12-2022 13:18:01 GMT,
302,0x19cd33d6514850B6f45E36120db24fD3dAbF0048,TRU,03-12-2022 13:18:01 GMT,
303,0x5F5bAFf0FB60D3a0071a7bA1De74293C834a4618,Tiru,03-12-2022 13:18:01 GMT,
304,0x30Cd1Eb96d9fFBcFDD2f3fb2D66350A42449E25C,NWC,03-12-2022 13:18:01 GMT,
305,0x401468025284cFae515BDE1cd00cFCc5c9B40C73,YEEZY,03-12-2022 13:18:01 GMT,
306,0x8a54736e3019b5905A096A3Db785c93415728b01,JJ,03-12-2022 13:18:01 GMT,
307,0xde959C067AeC18fD27F71985b54f632FefE11233,FUR,03-12-2022 13:18:01 GMT,
308,0x74CB91879F142A1f0C767CB4B3e0512Bb7d7b0d9,CMS,03-12-2022 13:18:01 GMT,
309,0xc5BDdBf4Cbc0dA5C41d50497b46830a00cFd11C3,BOOKING,03-12-2022 13:18:01 GMT,
310,0xF527CAcB7cF1fF292D43F3cFEEBaECBce8935617,NoWarCoin,03-12-2022 13:18:01 GMT,
311,0xf9673F4Aee532f58FBDf33BBE2a74A20B809f6c8,SNAP,03-12-2022 13:18:01 GMT,
312,0xfD06970387582382fd09bb978D3a7Fc4C3e7f0bF,SKB,03-12-2022 13:18:01 GMT,
313,0x03002DDf2cE9a8214fddAa932D66Ca33dad4cf55,INUJUPITER,03-12-2022 13:18:01 GMT,
314,0x28E8DE05322Aba6e12b14d92004617D0f999DfE0,NWC,03-12-2022 13:18:01 GMT,
315,0xa4bc4fC46aD25d90C7Ab27cB3bd0551E3618D035,AA,03-12-2022 13:18:01 GMT,
316,0x3e1e2a060b56cc8c0fdb4e737e027c40192ed841,ÂìàÂ∏å,03-12-2022 13:15:05 GMT,
317,0xc4e8a0efdce9db8677abf3786805d656e8f1f980,HANDY,03-12-2022 13:15:05 GMT,
318,0xa229dcb5a1f9c4998a1247f0c0d719fe4120bc50,MYI,03-12-2022 13:15:04 GMT,
319,0xc567680a5a7f3aac0abab6820c16c6017cdd570e,KTINU,03-12-2022 13:15:04 GMT,
320,0x11e7158fbdbff9c11bfd1a82927e2dd2eb9542b1,ü¶™OYP,03-12-2022 13:14:15 GMT,
321,0xad0c640da6a14e1bb9a48d95609f83982767a047,ZK,03-12-2022 13:12:02 GMT,
322,0x8462bc29e459ac12e47efdf3eb14ae0f981d4f0b,Catpillar,03-12-2022 13:12:02 GMT,
323,0xf1eeD657eCBa499212485358950EbC0c965598e7,USDM,03-12-2022 13:10:01 GMT,
324,0x1CaEB36BdeFf3E720C1e8bBAAbB24a462044b2Ac,PIKACHUCOIN,03-12-2022 13:09:52 GMT,
325,0x8091eE61Ead3233967C7214F910ac3A5dF393151,MRD,03-12-2022 13:09:46 GMT,
326,0x29661d4ecb814f0e1fc87e85cb9bbb36f44e22b0,SRT,03-12-2022 13:09:04 GMT,
327,0x3f6694ee82b8b6d1a09b3492c2eb0c3b2d122fd1,SNUBBUL,03-12-2022 13:09:04 GMT,
328,0x4354816314caeadaf2b6edd290a65bf97c00712e,VirusKiller,03-12-2022 13:09:04 GMT,
329,0x76b2e6e33dd944a015783da180c04ce290bbd547,KNC,03-12-2022 13:09:03 GMT,
330,0x8D7E2ED650412e9cFF9f43e15b1A906e6D77e0Ef,EYF,03-12-2022 13:08:01 GMT,
331,0x6C8cAB84b937834CD7C707865c0589CEe83d7Fc6,MOZ,03-12-2022 13:08:01 GMT,
332,0x8CAAd56Bb3de802C4745589F33f57743CE830451,SAF,03-12-2022 13:08:01 GMT,
333,0xDE5eD5071Eef60553538872b42AfD6f0cfa89B1c,BT,03-12-2022 13:08:01 GMT,
334,0x03872d084770ac5cb1130ff8d295655b6874cbfa,BR,03-12-2022 13:36:03 GMT,
335,0x9fc5c4c602de22cbe35e0778a2590db8824f2b06,ELS,03-12-2022 13:36:03 GMT,
336,0x0183515a06669b4f314184d378dacbac70e97f7b,STRAWBERRY,03-12-2022 13:36:02 GMT,
337,0xfa00a27248ea45ddc9df496ba214c705d2369765,Football DAO,03-12-2022 13:33:05 GMT,
338,0x8e076e65a4aad9f5c5e77f67a9e20aa0f0af2e7f,ranma,03-12-2022 13:33:04 GMT,
339,0x70a9c7bd193920aa8c16a6d7d1aca776ee5fa15a,Vshiba,03-12-2022 13:33:04 GMT,
340,0xf91f7b2577b52c4cab5663b25ef3d3680c289000,MR.Mime,03-12-2022 13:33:04 GMT,
341,0x63b040ab1a10533537f30e5b41643dafb25f4e4a,SWAG,03-12-2022 13:33:03 GMT,
342,0xf5ed7df637a47d9ed29264b52177f8e510c467fc,LuckyDoge,03-12-2022 13:33:03 GMT,
343,0x62bf05be77f521074418e897453f9458018cf9d5,Arbor Day,03-12-2022 13:30:08 GMT,
344,0x5c776b126992f2d1b568c860adb733d108b3ade3,MTC,03-12-2022 13:30:08 GMT,
345,0x0cb2af7f05eac29b66b1e5809bb83ff5992be31c,PIKACHUCOIN,03-12-2022 13:30:07 GMT,
346,0x7def91540cb95355f8a67a0735345706c3a850c8,MINI Doge,03-12-2022 13:30:07 GMT,
347,0x71a33082f52f5aa58bc0462891fa0b1d1958a6a6,Murloc,03-12-2022 13:30:06 GMT,
348,0x3191ef7c5f710c763e0361bea971e6be8973e527,SATO,03-12-2022 13:30:06 GMT,
349,0x0f503a53ea508e440819bb77aa6d898598eeed3b,CHB,03-12-2022 13:30:05 GMT,
350,0xccd5c0ec1a2b2db8fe3c9ed4b9dcf91c971a838a,EBCAT,03-12-2022 13:30:05 GMT,
351,0xbd64751a0397895c4c814d3e083c8cb108fa7ca9,FoolsTiger,03-12-2022 13:30:04 GMT,
352,0x3ed04ad4fE7923fE36bCdcf57Ef9Ba2CbD21631b,TreeDoge,03-12-2022 13:29:37 GMT,
353,0x5Ca09DFac5ff82b2A1e0DD760CbFEac25ac5cA02,XEROX,03-12-2022 13:29:19 GMT,
354,0x4F125A8019491C64aB11F01E60495E24F7EAedFa,MCT,03-12-2022 13:29:16 GMT,
355,0x52AD8B6773622e23Be0547a548725D579C9462A2,NWC,03-12-2022 13:29:01 GMT,
356,0x2edfff138F61d5A25c3eC400C16f162452c7d371,CHZ LAUNCH,03-12-2022 13:29:01 GMT,
357,0x9df3bf15BA103FD48ff5C10F11Ec2e3F49e4D55e,NoWarCoin,03-12-2022 13:29:01 GMT,
358,0x8627780e7392999A4d4Bd72f8cB65d8E41790229,XTRA,03-12-2022 13:29:01 GMT,
359,0xbb780e2702b743A0e417d320320B299bABD9b8B1,NWC,03-12-2022 13:29:01 GMT,
360,0xad5ffB9E5d15FD63AB0F6Bf53cd7ffbd1a6870d3,BCK,03-12-2022 13:29:01 GMT,
361,0xB2149f9221D1e0444dB66D25AB364FA14CA630d4,PPY,03-12-2022 13:29:01 GMT,
362,0x90C8c7A74e86b494274a674d4c01103111b17afA,AQUAMAN,03-12-2022 13:29:01 GMT,
363,0x2eB4F38cfb8C51A434336a00Bb6a7008dEDc1a54,DC,03-12-2022 13:29:01 GMT,
364,0x81FDA416215e0D7e4058967716A85B7360F7aDCB,NWC,03-12-2022 13:29:01 GMT,
365,0x8201dE3ded07fc4d9a65b478B995046623fA26e7,HotDoge,03-12-2022 13:29:01 GMT,
366,0x21bE125A8B624752b7976D88967F11B24778dF18,FAL,03-12-2022 13:29:01 GMT,
367,0x87af8872B41149beA34F1768e27b3A7b57eBA462,NOWAR,03-12-2022 13:29:01 GMT,
368,0x84eb5a4b7a17a752fdd23adc3c707664ad4375bd,VaccineSB,03-12-2022 13:27:04 GMT,
369,0x535ef622bc9c2a7a07069873baa96d53990ccca0,peace,03-12-2022 13:27:04 GMT,
370,0x2b11e3e5b8a318f97c64a8649066d796e320ddb7,DIN,03-12-2022 13:27:03 GMT,
371,0xb9019d210e0505c179d5845f7292baa6f76cea4d,cat,03-12-2022 13:27:03 GMT,
372,0x21bE125A8B624752b7976D88967F11B24778dF18,FAL,03-12-2022 13:29:01 GMT,
373,0x87af8872B41149beA34F1768e27b3A7b57eBA462,NOWAR,03-12-2022 13:29:01 GMT,
374,0x84eb5a4b7a17a752fdd23adc3c707664ad4375bd,VaccineSB,03-12-2022 13:27:04 GMT,
375,0x535ef622bc9c2a7a07069873baa96d53990ccca0,peace,03-12-2022 13:27:04 GMT,
376,0x2b11e3e5b8a318f97c64a8649066d796e320ddb7,DIN,03-12-2022 13:27:03 GMT,
377,0xb9019d210e0505c179d5845f7292baa6f76cea4d,cat,03-12-2022 13:27:03 GMT,
378,0xf54699255c9e0fe1b372192a66bf1e184013533e,K400,03-12-2022 13:24:04 GMT,
379,0x6ae5688e9ea2ea35b1dce2e426e0a9fb8bbb967d,SATOSHI,03-12-2022 13:24:03 GMT,
380,0x39e4e8984c8c7ec0f0a5b1e3b25b54c937b53145,CATF,03-12-2022 13:24:03 GMT,
381,0xe57ca7e4801750038164b2ab2e6ff618e765079b,üï∑Ô∏è,03-12-2022 13:24:02 GMT,
382,0xa0ceca237ef94a34a0d3fe5e429eb2ca4bfb3252,CATS,03-12-2022 13:21:04 GMT,
383,0x5707c27b620950a79ca3136dd76eb3cddca6fc9e,XNS,03-12-2022 13:21:04 GMT,
384,0x3c8a86661adc2a68c8f687d0aac27d5579702393,OPTIMA,03-12-2022 13:21:03 GMT,
385,0xb29be748f9a173cef48ee7d4e7afe808170bb6f3,CATFLOKI,03-12-2022 13:21:03 GMT,
386,0x9BD66a9A98D932EA3e771b571BE922E8247f8A09,PEPE,03-12-2022 13:19:49 GMT,
387,0xDb2193ee2EEB12f32c06Ff8A620dc0e4a5c6a011,VirusKiller,03-12-2022 13:19:16 GMT,
388,0x6fa571f37d5c61dad05ff8b37e3a4df0be8d3d85,elliptic.co,03-12-2022 13:18:04 GMT,
389,0xf8f53083c34e7c2ab16e90df7dca227355e89f45,SC,03-12-2022 13:18:03 GMT,
390,0x160b37Dc3198Ea02f3A75447d8526bD9FE1d70Fc,DE,03-12-2022 13:40:02 GMT,
391,0x838105C30253D602CFB5d0e3Ff32817E0a1192C5,‰πåÂÖ∞Â∏ÉÂíå,03-12-2022 13:39:27 GMT,
392,0x941FBFf3861d18A28aBB2c4634fd7c49eE05fefc,KONTOOOOLL,03-12-2022 13:39:06 GMT,
393,0x19d31394153e6d69becef135326e52aa776ee0e3,58TC,03-12-2022 13:39:04 GMT,
394,0xfb6c9cba170c4f7aedc93d74d071811ccd72dc82,MikariCat,03-12-2022 13:39:03 GMT,
395,0x1e0c9d553aaaa030806573bfa0bf3349c6f22a9c,$CGCHART,03-12-2022 13:39:02 GMT,
396,0xf0Dd19B664Ac14A9D4Af7AB467f2e047c0A609Cb,MINCE,03-12-2022 13:38:51 GMT,
397,0x98005f8fa46999e52c385398E4D5A409496DfD28,CHIRP,03-12-2022 13:38:30 GMT,
398,0x3252B695d3CC43E81A7A22d0f1B3028A0493c9d7,PEPE,03-12-2022 13:38:06 GMT,
399,0xb7220A1445a5E8C16C0C31e48ce3e320a5d28BB8,ELBMZ,03-12-2022 13:38:01 GMT,
400,0xF35DF5dB78Ad466a4baFC257F888A402d853f05D,SHAK,03-12-2022 13:38:01 GMT,
401,0x1311c6Dfe754369457f6d35914184214dB5cDC43,SEED,03-12-2022 13:38:01 GMT,
402,0x09494205c177e3f0A555d49494d0202F47c7AE01,ELBM,03-12-2022 13:38:01 GMT,
403,0xc751b0616202042377458436148b95A712a17357,LIT,03-12-2022 13:38:01 GMT,
404,0x79c759114C35201386A9ddc278EF67874e317921,MOONLIGHT,03-12-2022 13:38:01 GMT,
405,0x41274D1d8BBF1E8C6c9975d0AC845365Bd94A06C,Joker,03-12-2022 13:38:01 GMT,
406,0x4988eE2687398a170845f19479299995A935e725,ALK,03-12-2022 13:38:01 GMT,
407,0x6Ed50fE509d26f594beE4eB422f78Cc98b5dbA58,RMOON,03-12-2022 13:38:01 GMT,
408,0x8627780e7392999A4d4Bd72f8cB65d8E41790229,XTRA,03-12-2022 13:29:01 GMT,
409,0xbb780e2702b743A0e417d320320B299bABD9b8B1,NWC,03-12-2022 13:29:01 GMT,
410,0xad5ffB9E5d15FD63AB0F6Bf53cd7ffbd1a6870d3,BCK,03-12-2022 13:29:01 GMT,
411,0xB2149f9221D1e0444dB66D25AB364FA14CA630d4,PPY,03-12-2022 13:29:01 GMT,
412,0x90C8c7A74e86b494274a674d4c01103111b17afA,AQUAMAN,03-12-2022 13:29:01 GMT,
413,0x2eB4F38cfb8C51A434336a00Bb6a7008dEDc1a54,DC,03-12-2022 13:29:01 GMT,
414,0x81FDA416215e0D7e4058967716A85B7360F7aDCB,NWC,03-12-2022 13:29:01 GMT,
415,0x8201dE3ded07fc4d9a65b478B995046623fA26e7,HotDoge,03-12-2022 13:29:01 GMT,
416,0x38420727481567aeef60ff211d7a17dfe1fcb52e,Test,03-12-2022 13:48:03 GMT,
417,0x5c1541c07ec39151d37a51b4f117a4c200cb843c,ELONMUSKSHIBA,03-12-2022 13:48:03 GMT,
418,0x2f5a9e676714f55d5cc4f4fe3221c8bda39ebb9b,Walkin,03-12-2022 13:48:03 GMT,
419,0xcb5e3377f49a174cbaa4d444464a396f2cef787a,UNDEAD,03-12-2022 13:48:02 GMT,
420,0x90a221e3c7849c933c7f8ff0bb6dbc40c2bf88e7,Y,03-12-2022 13:42:05 GMT,
421,0xf9014eb626f9d81adc0cafab7d8e346c20a830cc,cft,03-12-2022 13:42:04 GMT,
422,0x437151a277c4cd60557d3fee7a4c7c934c530bf2,VSAFEmoon,03-12-2022 13:42:03 GMT,
423,0xa0abb19d88fe101e2593b316944a2d692a192ec0,TSTARTER,03-12-2022 13:42:03 GMT,
424,0xf91f7b2577b52c4cab5663b25ef3d3680c289000,MR.Mime,03-12-2022 13:33:04 GMT,
425,0x63b040ab1a10533537f30e5b41643dafb25f4e4a,SWAG,03-12-2022 13:33:03 GMT,
426,0xf5ed7df637a47d9ed29264b52177f8e510c467fc,LuckyDoge,03-12-2022 13:33:03 GMT,
427,0x62bf05be77f521074418e897453f9458018cf9d5,Arbor Day,03-12-2022 13:30:08 GMT,
428,0x5c776b126992f2d1b568c860adb733d108b3ade3,MTC,03-12-2022 13:30:08 GMT,
429,0x0cb2af7f05eac29b66b1e5809bb83ff5992be31c,PIKACHUCOIN,03-12-2022 13:30:07 GMT,
430,0x7def91540cb95355f8a67a0735345706c3a850c8,MINI Doge,03-12-2022 13:30:07 GMT,
431,0x71a33082f52f5aa58bc0462891fa0b1d1958a6a6,Murloc,03-12-2022 13:30:06 GMT,
432,0x3191ef7c5f710c763e0361bea971e6be8973e527,SATO,03-12-2022 13:30:06 GMT,
433,0x0f503a53ea508e440819bb77aa6d898598eeed3b,CHB,03-12-2022 13:30:05 GMT,
434,0xccd5c0ec1a2b2db8fe3c9ed4b9dcf91c971a838a,EBCAT,03-12-2022 13:30:05 GMT,
435,0xbd64751a0397895c4c814d3e083c8cb108fa7ca9,FoolsTiger,03-12-2022 13:30:04 GMT,
436,0x3ed04ad4fE7923fE36bCdcf57Ef9Ba2CbD21631b,TreeDoge,03-12-2022 13:29:37 GMT,
437,0x5Ca09DFac5ff82b2A1e0DD760CbFEac25ac5cA02,XEROX,03-12-2022 13:29:19 GMT,
438,0x4F125A8019491C64aB11F01E60495E24F7EAedFa,MCT,03-12-2022 13:29:16 GMT,
439,0x52AD8B6773622e23Be0547a548725D579C9462A2,NWC,03-12-2022 13:29:01 GMT,
440,0x2edfff138F61d5A25c3eC400C16f162452c7d371,CHZ LAUNCH,03-12-2022 13:29:01 GMT,
441,0x9df3bf15BA103FD48ff5C10F11Ec2e3F49e4D55e,NoWarCoin,03-12-2022 13:29:01 GMT,
442,0xd7d356173FD44E1d2Ee9EBBd5A7A4759c9aAd165,KRON,03-12-2022 13:49:42 GMT,
443,0xfd6AF4cf6f00D27E377C69E952DeF6c8a8cB6bF6,miru,03-12-2022 13:49:00 GMT,
444,0x3293d83f76A750B3a4BEBd05E85a757eBB088277,Drift P.R.T.,03-12-2022 13:48:39 GMT,
445,0x0f3DEbBa359A8a1E284acB2Bf9c615aDBe12d6a9,FBUNNY,03-12-2022 13:48:02 GMT,
446,0x9491875e4ed8b86BebD963C0155AA5Cbb9Ae91e9,SQUEEN,03-12-2022 13:48:02 GMT,
447,0xb473FAad9Ad6b37f9509Dfd4B18BA7bD6a2c0370,COINBOMB,03-12-2022 13:48:02 GMT,
448,0xfFf9e4FBD6a469c474d21746A85D1B359753797e,VLOOK,03-12-2022 13:48:02 GMT,
449,0xCFd9dfbebd430bA211f2e637e779D12C33051Cb7,GHANDI,03-12-2022 13:48:02 GMT,
450,0x869d9151dE93bA4d1D4E657d11AaEe3e7537004A,SPACEKITTY,03-12-2022 13:48:02 GMT,
451,0xf77B78EB39A47e6Cf4bda0d4d1639FE7E195f60d,GLD,03-12-2022 13:48:02 GMT,
452,0xd4A193cba8641d1179A69528cE8A7710A8A3278B,RGT,03-12-2022 13:48:02 GMT,
453,0x4e06915a9AADf1957B6DC58979195B9cC31d38d6,ONEBNB,03-12-2022 13:48:02 GMT,
454,0x0A07bCB26667626e0668F3f687769c6750ae3fd1,SRKT,03-12-2022 13:48:02 GMT,
455,0xDAa6fF76848298AC39A8B021518e9866b6A88756,VLOONY,03-12-2022 13:48:02 GMT,
456,0x255C2d65f916917264D0AD73254c31a8F86B818a,STOOL,03-12-2022 13:48:02 GMT,
457,0x79f50EC033ddee65e41F1501b5b411EAB77D6Be2,FBUNNY,03-12-2022 13:48:02 GMT,
458,0xC122246276F10e31ED2a5c46a1390b508267a907,TEST,03-12-2022 13:48:02 GMT,
459,0x1794d75f592229d47768081ac2eba4961a37a081,DCC,03-12-2022 13:34:27 GMT,
460,0xfa00a27248ea45ddc9df496ba214c705d2369765,Football DAO,03-12-2022 13:33:05 GMT,
461,0x8e076e65a4aad9f5c5e77f67a9e20aa0f0af2e7f,ranma,03-12-2022 13:33:04 GMT,
462,0x70a9c7bd193920aa8c16a6d7d1aca776ee5fa15a,Vshiba,03-12-2022 13:33:04 GMT,
463,0x8d832fab728b2fb7d6c173be3a2463d292c7480f,GOAT,03-12-2022 13:51:03 GMT,
464,0x683cd5cc1b6eb1f48de3c810625ad5a3b673c297,JT,03-12-2022 13:51:02 GMT,
465,0x1794d75f592229d47768081ac2eba4961a37a081,DCC,03-12-2022 13:34:27 GMT,
466,0xb17a5fec207cbd7af4a1c32e7307e49f31088eb6,LIFTOFF,03-12-2022 13:54:03 GMT,
467,0x6Ed50fE509d26f594beE4eB422f78Cc98b5dbA58,RMOON,03-12-2022 13:38:01 GMT,
468,0x03872d084770ac5cb1130ff8d295655b6874cbfa,BR,03-12-2022 13:36:03 GMT,
469,0x9fc5c4c602de22cbe35e0778a2590db8824f2b06,ELS,03-12-2022 13:36:03 GMT,
470,0x0183515a06669b4f314184d378dacbac70e97f7b,STRAWBERRY,03-12-2022 13:36:02 GMT,
471,0x44bb24e4e8326ba0720d13eed205498a2a3ee95c,AppleShib,03-12-2022 13:57:05 GMT,
472,0xc15036d0c301b1d6743b5bbdd07aeef6eb2eba7d,DW,03-12-2022 13:57:04 GMT,
473,0x8b031e6c28d079fc6a28951f2a8be70286e43dde,meowmeow,03-12-2022 13:57:04 GMT,
474,0xb4fee46c77217fc4b7de1fa2129d1c35b33fe016,VSAFEmoon,03-12-2022 13:57:04 GMT,
475,0x437151a277c4cd60557d3fee7a4c7c934c530bf2,VSAFEmoon,03-12-2022 13:42:03 GMT,
476,0xa0abb19d88fe101e2593b316944a2d692a192ec0,TSTARTER,03-12-2022 13:42:03 GMT,
477,0x160b37Dc3198Ea02f3A75447d8526bD9FE1d70Fc,DE,03-12-2022 13:40:02 GMT,
478,0x838105C30253D602CFB5d0e3Ff32817E0a1192C5,‰πåÂÖ∞Â∏ÉÂíå,03-12-2022 13:39:27 GMT,
479,0x941FBFf3861d18A28aBB2c4634fd7c49eE05fefc,KONTOOOOLL,03-12-2022 13:39:06 GMT,
480,0x19d31394153e6d69becef135326e52aa776ee0e3,58TC,03-12-2022 13:39:04 GMT,
481,0xfb6c9cba170c4f7aedc93d74d071811ccd72dc82,MikariCat,03-12-2022 13:39:03 GMT,
482,0x1e0c9d553aaaa030806573bfa0bf3349c6f22a9c,$CGCHART,03-12-2022 13:39:02 GMT,
483,0xf0Dd19B664Ac14A9D4Af7AB467f2e047c0A609Cb,MINCE,03-12-2022 13:38:51 GMT,
484,0x98005f8fa46999e52c385398E4D5A409496DfD28,CHIRP,03-12-2022 13:38:30 GMT,
485,0x3252B695d3CC43E81A7A22d0f1B3028A0493c9d7,PEPE,03-12-2022 13:38:06 GMT,
486,0xb7220A1445a5E8C16C0C31e48ce3e320a5d28BB8,ELBMZ,03-12-2022 13:38:01 GMT,
487,0xF35DF5dB78Ad466a4baFC257F888A402d853f05D,SHAK,03-12-2022 13:38:01 GMT,
488,0x1311c6Dfe754369457f6d35914184214dB5cDC43,SEED,03-12-2022 13:38:01 GMT,
489,0x09494205c177e3f0A555d49494d0202F47c7AE01,ELBM,03-12-2022 13:38:01 GMT,
490,0xc751b0616202042377458436148b95A712a17357,LIT,03-12-2022 13:38:01 GMT,
491,0x79c759114C35201386A9ddc278EF67874e317921,MOONLIGHT,03-12-2022 13:38:01 GMT,
492,0x41274D1d8BBF1E8C6c9975d0AC845365Bd94A06C,Joker,03-12-2022 13:38:01 GMT,
493,0x4988eE2687398a170845f19479299995A935e725,ALK,03-12-2022 13:38:01 GMT,
494,0x0212ae9cd9032fa4e9a0b02a1c762ae1f244afeb,SPT,03-12-2022 14:00:06 GMT,
495,0xb1bfb1b0ba5fdce15e549abc1aa5e6ff74743852,Vshiba,03-12-2022 14:00:06 GMT,
496,0x822d7E800e19e3527f751301EE4055ed75572930,Cake-LP,03-12-2022 14:00:03 GMT,
497,0x971F6Ada4Cc525Cbb44554F15d3aB425812F0809,TTTT,03-12-2022 14:00:03 GMT,
498,0xc0ea5306A380E85bb9756b42b75f44fC11cB8B3F,x100,03-12-2022 14:00:03 GMT,
499,0x662cEB53C3d160Fe640A0518ec3F393202A6d55E,NewMoon,03-12-2022 14:00:03 GMT,
500,0x27dF089759191Fc0326E9a3f4ca05A19FC97a317,SHIBAFIRE,03-12-2022 14:00:03 GMT,
501,0x238A19f39d0113a03C0D411aD7fdD4CDDC5901C9,GOLDA,03-12-2022 14:00:03 GMT,
502,0x3D0E7D3E276Ca0C5dA88e6EbE2564C7D5bb0f96B,ZORO,03-12-2022 14:00:03 GMT,
503,0x972Ffe8401d45234bda0734E337e6f6eE492F767,RAIN,03-12-2022 14:00:03 GMT,
504,0x83BBc87a2652eBEC1d8EBbf7945077a5431a0Ce4,SPRMN,03-12-2022 14:00:03 GMT,
505,0x189976d81b24476522eA68Fe1C8f206b1cFDCf8c,$HOPPY,03-12-2022 14:00:03 GMT,
506,0x21D1be96aB4C0fd4fB6AdFa404019Baab3421dd4,SNF,03-12-2022 14:00:03 GMT,
507,0x71Ac67Bf55fF1F1E7bB3C9EB81a85897507b167A,RKTR,03-12-2022 14:00:03 GMT,
508,0x69dbB58E1f5e0adfd669f3d2439EA3A1b81275ee,BIGBLACKCOCK,03-12-2022 14:00:03 GMT,
509,0xa11f2355eD0F5aCCF0cC5D1e99580Ec9e9e8e0B1,BUNNYMOON,03-12-2022 14:00:03 GMT,
510,0x3E163c0a6035b481107967fD765e557a21056564,NUDEZ,03-12-2022 14:00:03 GMT,
511,0xEA730358AB143233F71732FCF77744Af117f56E7,SCOOKIEBSC,03-12-2022 14:00:03 GMT,
512,0x899720A13C58F3f60fAE960358cE309e3b60B0C8,FDEV,03-12-2022 14:00:03 GMT,
513,0xcb5e3377f49a174cbaa4d444464a396f2cef787a,UNDEAD,03-12-2022 13:48:02 GMT,
514,0x90a221e3c7849c933c7f8ff0bb6dbc40c2bf88e7,Y,03-12-2022 13:42:05 GMT,
515,0xf9014eb626f9d81adc0cafab7d8e346c20a830cc,cft,03-12-2022 13:42:04 GMT,
516,0x962e2cd699f8021438cf9d4a17cfca0282b81b48,DogeKingKiller,03-12-2022 14:03:04 GMT,
517,0xe637b285bfe8da903cf0527cab54cc3e04ab0db9,DragonKing,03-12-2022 14:03:04 GMT,
518,0x2616ecbde1a0a3c415b9973759a315e26c828f9d,BDG,03-12-2022 14:03:03 GMT,
519,0x255C2d65f916917264D0AD73254c31a8F86B818a,STOOL,03-12-2022 13:48:02 GMT,
520,0x79f50EC033ddee65e41F1501b5b411EAB77D6Be2,FBUNNY,03-12-2022 13:48:02 GMT,
521,0xC122246276F10e31ED2a5c46a1390b508267a907,TEST,03-12-2022 13:48:02 GMT,
522,0xc22a0a9c6b773f247739da558e4fea8ae77b4d0b,CATPPOLICE,03-12-2022 14:06:04 GMT,
523,0xbcc0c3daa9cbea5a9e1231b6aa603f3af7a13af3,RHOOD,03-12-2022 14:06:03 GMT,
524,0xe469f187c183900d5b0255810324f6b5a3786146,SACE,03-12-2022 14:06:03 GMT,
525,0xd4A193cba8641d1179A69528cE8A7710A8A3278B,RGT,03-12-2022 13:48:02 GMT,
526,0x4e06915a9AADf1957B6DC58979195B9cC31d38d6,ONEBNB,03-12-2022 13:48:02 GMT,
527,0x0A07bCB26667626e0668F3f687769c6750ae3fd1,SRKT,03-12-2022 13:48:02 GMT,
528,0xDAa6fF76848298AC39A8B021518e9866b6A88756,VLOONY,03-12-2022 13:48:02 GMT,
529,0x8ca251e77a0b5a886722d5a12a3d0e8bdaf41fa4,BoostArt,03-12-2022 14:09:04 GMT,
530,0x362d5aea66b67c96ba51931d6777993c8aa69254,DIN,03-12-2022 14:09:04 GMT,
531,0xa0ac9bc00d5e65b0a57f161eb1c3dd6a3f0b3662,AAPL,03-12-2022 14:09:04 GMT,
532,0xe793a70de02412be711f9de4426447687dd79007,SatoshiCoin,03-12-2022 14:09:03 GMT,
533,0x8d832fab728b2fb7d6c173be3a2463d292c7480f,GOAT,03-12-2022 13:51:03 GMT,
534,0x683cd5cc1b6eb1f48de3c810625ad5a3b673c297,JT,03-12-2022 13:51:02 GMT,
535,0xd7d356173FD44E1d2Ee9EBBd5A7A4759c9aAd165,KRON,03-12-2022 13:49:42 GMT,
536,0xfd6AF4cf6f00D27E377C69E952DeF6c8a8cB6bF6,miru,03-12-2022 13:49:00 GMT,
537,0x3293d83f76A750B3a4BEBd05E85a757eBB088277,Drift P.R.T.,03-12-2022 13:48:39 GMT,
538,0x38420727481567aeef60ff211d7a17dfe1fcb52e,Test,03-12-2022 13:48:03 GMT,
539,0x5c1541c07ec39151d37a51b4f117a4c200cb843c,ELONMUSKSHIBA,03-12-2022 13:48:03 GMT,
540,0x2f5a9e676714f55d5cc4f4fe3221c8bda39ebb9b,Walkin,03-12-2022 13:48:03 GMT,
541,0x0f3DEbBa359A8a1E284acB2Bf9c615aDBe12d6a9,FBUNNY,03-12-2022 13:48:02 GMT,
542,0x9491875e4ed8b86BebD963C0155AA5Cbb9Ae91e9,SQUEEN,03-12-2022 13:48:02 GMT,
543,0xb473FAad9Ad6b37f9509Dfd4B18BA7bD6a2c0370,COINBOMB,03-12-2022 13:48:02 GMT,
544,0xfFf9e4FBD6a469c474d21746A85D1B359753797e,VLOOK,03-12-2022 13:48:02 GMT,
545,0xCFd9dfbebd430bA211f2e637e779D12C33051Cb7,GHANDI,03-12-2022 13:48:02 GMT,
546,0x869d9151dE93bA4d1D4E657d11AaEe3e7537004A,SPACEKITTY,03-12-2022 13:48:02 GMT,
547,0xf77B78EB39A47e6Cf4bda0d4d1639FE7E195f60d,GLD,03-12-2022 13:48:02 GMT,
548,0x1Ff48103eCCA465A587900C509d0eBe7041B206e,ACES,03-12-2022 14:09:39 GMT,
549,0xB83f0299b4C57699E082464A64A966B582C038f8,ZGM,03-12-2022 14:08:36 GMT,
550,0x830F163958d113697fE9FB0131B40978d9c6e1fF,MOONROCKET,03-12-2022 14:08:02 GMT,
551,0x82D63bE61C74C0df5C993EfC0295fd5a0d724A32,CatInu,03-12-2022 14:08:02 GMT,
552,0x9872857B3224DFfd7B573Aa7FE475969819709F1,PUNANI,03-12-2022 14:08:02 GMT,
553,0x27497C2e393E37E4Ed0DD77ede3e91849b1Cc7B6,GEC,03-12-2022 14:08:02 GMT,
554,0xa16339b707946DaB0c4A900f97B2712a3b4C892e,KABUKINA,03-12-2022 14:08:02 GMT,
555,0x5C95f1ff7aa7f5bbCbae3dca96e43196FDb72C8f,TPT,03-12-2022 14:08:02 GMT,
556,0x5885928776887AC855783d321402574bFfE1A3e4,SafeBunny,03-12-2022 14:08:02 GMT,
557,0x30F6151706CcC1915BAA76D11c01089180ED3DfB,NFT,03-12-2022 14:08:02 GMT,
558,0x2929481D7b3348deEF6387079C8c0d983D12E413,CANELO,03-12-2022 14:08:02 GMT,
559,0x07BF29FF5Bb4E44ca1d28F06CC7c934467106041,SAFERISE,03-12-2022 14:08:02 GMT,
560,0x0d0B5B6e2ee4d7d4DE3162566d9BC8567C08e98e,MEOW,03-12-2022 14:08:02 GMT,
561,0x81872Fb95BB3b714Ab6307f88C82582E3448a43C,CRYSTAL,03-12-2022 14:08:02 GMT,
562,0x63D811d760E9e53d212E277f244aCccD660dA123,on789,03-12-2022 14:08:02 GMT,
563,0x75409613e54dC1D982951985017995a2DC8688fA,CSHIBA,03-12-2022 14:08:02 GMT,
564,0xb17a5fec207cbd7af4a1c32e7307e49f31088eb6,LIFTOFF,03-12-2022 13:54:03 GMT,
565,0x184b4cd2b728ec7c29c7e4a91c06c68eac8d6a3a,m-doge,03-12-2022 14:12:02 GMT,
566,0xb4fee46c77217fc4b7de1fa2129d1c35b33fe016,VSAFEmoon,03-12-2022 13:57:04 GMT,
567,0x76cdc79af08a36d6804dfdc61e0242de88ded2a8,SNORLAX,03-12-2022 14:15:03 GMT,
568,0xc0ea5306A380E85bb9756b42b75f44fC11cB8B3F,x100,03-12-2022 14:00:03 GMT,
569,0x662cEB53C3d160Fe640A0518ec3F393202A6d55E,NewMoon,03-12-2022 14:00:03 GMT,
570,0x27dF089759191Fc0326E9a3f4ca05A19FC97a317,SHIBAFIRE,03-12-2022 14:00:03 GMT,
571,0x238A19f39d0113a03C0D411aD7fdD4CDDC5901C9,GOLDA,03-12-2022 14:00:03 GMT,
572,0x3D0E7D3E276Ca0C5dA88e6EbE2564C7D5bb0f96B,ZORO,03-12-2022 14:00:03 GMT,
573,0x972Ffe8401d45234bda0734E337e6f6eE492F767,RAIN,03-12-2022 14:00:03 GMT,
574,0x83BBc87a2652eBEC1d8EBbf7945077a5431a0Ce4,SPRMN,03-12-2022 14:00:03 GMT,
575,0x189976d81b24476522eA68Fe1C8f206b1cFDCf8c,$HOPPY,03-12-2022 14:00:03 GMT,
576,0x21D1be96aB4C0fd4fB6AdFa404019Baab3421dd4,SNF,03-12-2022 14:00:03 GMT,
577,0x71Ac67Bf55fF1F1E7bB3C9EB81a85897507b167A,RKTR,03-12-2022 14:00:03 GMT,
578,0x69dbB58E1f5e0adfd669f3d2439EA3A1b81275ee,BIGBLACKCOCK,03-12-2022 14:00:03 GMT,
579,0xa11f2355eD0F5aCCF0cC5D1e99580Ec9e9e8e0B1,BUNNYMOON,03-12-2022 14:00:03 GMT,
580,0x3E163c0a6035b481107967fD765e557a21056564,NUDEZ,03-12-2022 14:00:03 GMT,
581,0xEA730358AB143233F71732FCF77744Af117f56E7,SCOOKIEBSC,03-12-2022 14:00:03 GMT,
582,0x899720A13C58F3f60fAE960358cE309e3b60B0C8,FDEV,03-12-2022 14:00:03 GMT,
583,0x44bb24e4e8326ba0720d13eed205498a2a3ee95c,AppleShib,03-12-2022 13:57:05 GMT,
584,0xc15036d0c301b1d6743b5bbdd07aeef6eb2eba7d,DW,03-12-2022 13:57:04 GMT,
585,0x8b031e6c28d079fc6a28951f2a8be70286e43dde,meowmeow,03-12-2022 13:57:04 GMT,
586,0xBAE534c96ee2456c622b3d4c9EC83fc9948DAA9c,Steak,03-12-2022 14:20:02 GMT,
587,0xE81F8B1a5498a64a7Ca8dC5d366FBe6D74f11c84,VTK,03-12-2022 14:20:02 GMT,
588,0xB182B9EE30ab43DEcAD7217B638072dfD4A45143,SRT,03-12-2022 14:20:02 GMT,
589,0x05129Cd5A8Da361d818E6D2c235d409f87f67f59,üå±SEED,03-12-2022 14:20:02 GMT,
590,0xc7646f820187358e0c9d74991b863BB4fe346df2,ELLONCARD,03-12-2022 14:20:02 GMT,
591,0x943ebf02e6598456673cC93D5ed80e05f8C99916,test,03-12-2022 14:20:02 GMT,
592,0xFBED9CCa1AebAc8DFe4d9e10780A866E3dB1C72A,EFTK,03-12-2022 14:20:02 GMT,
593,0x40B3f8CBFbfb90dd9A128A054560D186a36dcE6E,HELLO,03-12-2022 14:20:02 GMT,
594,0x8b7071fE1358055A37A7f8B2d35Cffcc64812381,SHIP,03-12-2022 14:20:02 GMT,
595,0xCB29fA762061895B176457a8a4d20367747c6b6e,$HOPPY,03-12-2022 14:20:02 GMT,
596,0xE7415c88fDCb746b9CaEfA929f5459E9D5f00B26,SafeDog,03-12-2022 14:20:02 GMT,
597,0xb4A4f99327D858eAC075D98E5883b5A39bF16dEa,$ELLONCARDS,03-12-2022 14:20:02 GMT,
598,0x7F81C509f80A7F76657a8f2a58247b1df512bb60,BunnyStar,03-12-2022 14:20:02 GMT,
599,0x81D764fd28a961801F2c452df27f5EAd7A2a1DB1,SB,03-12-2022 14:20:02 GMT,
600,0x5A0F089D312Ab9B151be93B1E459E057C849bc6D,TRESOR,03-12-2022 14:20:02 GMT,
601,0x3C9ae6e5Ae8b7846d3Eb79BFb985cE1e4335E976,BT,03-12-2022 14:20:02 GMT,
602,0x8584435C9D40ead517361e15932B4A84759ed051,ENJ,03-12-2022 14:20:02 GMT,
603,0x94d479c587f0cf4ce841b5db1d9304a15f8ef7ca,TOYOTA,03-12-2022 14:11:44 GMT,
604,0x971F6Ada4Cc525Cbb44554F15d3aB425812F0809,TTTT,03-12-2022 14:00:03 GMT,
605,0x6349512489aeeb111a1aeafbeaf407a12a768bca,UKRI,03-12-2022 14:24:04 GMT,
606,0x6349512489aeeb111a1aeafbeaf407a12a768bca,UKRI,03-12-2022 14:24:04 GMT,
607,0xBAE534c96ee2456c622b3d4c9EC83fc9948DAA9c,Steak,03-12-2022 14:20:02 GMT,
608,0xE81F8B1a5498a64a7Ca8dC5d366FBe6D74f11c84,VTK,03-12-2022 14:20:02 GMT,
609,0xB182B9EE30ab43DEcAD7217B638072dfD4A45143,SRT,03-12-2022 14:20:02 GMT,
610,0x05129Cd5A8Da361d818E6D2c235d409f87f67f59,üå±SEED,03-12-2022 14:20:02 GMT,
611,0xc7646f820187358e0c9d74991b863BB4fe346df2,ELLONCARD,03-12-2022 14:20:02 GMT,
612,0x943ebf02e6598456673cC93D5ed80e05f8C99916,test,03-12-2022 14:20:02 GMT,
613,0xFBED9CCa1AebAc8DFe4d9e10780A866E3dB1C72A,EFTK,03-12-2022 14:20:02 GMT,
614,0x40B3f8CBFbfb90dd9A128A054560D186a36dcE6E,HELLO,03-12-2022 14:20:02 GMT,
615,0x8b7071fE1358055A37A7f8B2d35Cffcc64812381,SHIP,03-12-2022 14:20:02 GMT,
616,0xCB29fA762061895B176457a8a4d20367747c6b6e,$HOPPY,03-12-2022 14:20:02 GMT,
617,0xE7415c88fDCb746b9CaEfA929f5459E9D5f00B26,SafeDog,03-12-2022 14:20:02 GMT,
618,0xb4A4f99327D858eAC075D98E5883b5A39bF16dEa,$ELLONCARDS,03-12-2022 14:20:02 GMT,
619,0x7F81C509f80A7F76657a8f2a58247b1df512bb60,BunnyStar,03-12-2022 14:20:02 GMT,
620,0x81D764fd28a961801F2c452df27f5EAd7A2a1DB1,SB,03-12-2022 14:20:02 GMT,
621,0x5A0F089D312Ab9B151be93B1E459E057C849bc6D,TRESOR,03-12-2022 14:20:02 GMT,
622,0x3C9ae6e5Ae8b7846d3Eb79BFb985cE1e4335E976,BT,03-12-2022 14:20:02 GMT,
623,0x8584435C9D40ead517361e15932B4A84759ed051,ENJ,03-12-2022 14:20:02 GMT,
624,0x76cdc79af08a36d6804dfdc61e0242de88ded2a8,SNORLAX,03-12-2022 14:15:03 GMT,
625,0x184b4cd2b728ec7c29c7e4a91c06c68eac8d6a3a,m-doge,03-12-2022 14:12:02 GMT,
626,0x94d479c587f0cf4ce841b5db1d9304a15f8ef7ca,TOYOTA,03-12-2022 14:11:44 GMT,
627,0x1Ff48103eCCA465A587900C509d0eBe7041B206e,ACES,03-12-2022 14:09:39 GMT,
628,0x8ca251e77a0b5a886722d5a12a3d0e8bdaf41fa4,BoostArt,03-12-2022 14:09:04 GMT,
629,0x362d5aea66b67c96ba51931d6777993c8aa69254,DIN,03-12-2022 14:09:04 GMT,
630,0xa0ac9bc00d5e65b0a57f161eb1c3dd6a3f0b3662,AAPL,03-12-2022 14:09:04 GMT,
631,0xe793a70de02412be711f9de4426447687dd79007,SatoshiCoin,03-12-2022 14:09:03 GMT,
632,0xB83f0299b4C57699E082464A64A966B582C038f8,ZGM,03-12-2022 14:08:36 GMT,
633,0x830F163958d113697fE9FB0131B40978d9c6e1fF,MOONROCKET,03-12-2022 14:08:02 GMT,
634,0x82D63bE61C74C0df5C993EfC0295fd5a0d724A32,CatInu,03-12-2022 14:08:02 GMT,
635,0x9872857B3224DFfd7B573Aa7FE475969819709F1,PUNANI,03-12-2022 14:08:02 GMT,
636,0x27497C2e393E37E4Ed0DD77ede3e91849b1Cc7B6,GEC,03-12-2022 14:08:02 GMT,
637,0xa16339b707946DaB0c4A900f97B2712a3b4C892e,KABUKINA,03-12-2022 14:08:02 GMT,
638,0x5C95f1ff7aa7f5bbCbae3dca96e43196FDb72C8f,TPT,03-12-2022 14:08:02 GMT,
639,0x5885928776887AC855783d321402574bFfE1A3e4,SafeBunny,03-12-2022 14:08:02 GMT,
640,0x30F6151706CcC1915BAA76D11c01089180ED3DfB,NFT,03-12-2022 14:08:02 GMT,
641,0x2929481D7b3348deEF6387079C8c0d983D12E413,CANELO,03-12-2022 14:08:02 GMT,
642,0x07BF29FF5Bb4E44ca1d28F06CC7c934467106041,SAFERISE,03-12-2022 14:08:02 GMT,
643,0x0d0B5B6e2ee4d7d4DE3162566d9BC8567C08e98e,MEOW,03-12-2022 14:08:02 GMT,
644,0x81872Fb95BB3b714Ab6307f88C82582E3448a43C,CRYSTAL,03-12-2022 14:08:02 GMT,
645,0x63D811d760E9e53d212E277f244aCccD660dA123,on789,03-12-2022 14:08:02 GMT,
646,0x75409613e54dC1D982951985017995a2DC8688fA,CSHIBA,03-12-2022 14:08:02 GMT,
647,0xc22a0a9c6b773f247739da558e4fea8ae77b4d0b,CATPPOLICE,03-12-2022 14:06:04 GMT,
648,0xbcc0c3daa9cbea5a9e1231b6aa603f3af7a13af3,RHOOD,03-12-2022 14:06:03 GMT,
649,0xe469f187c183900d5b0255810324f6b5a3786146,SACE,03-12-2022 14:06:03 GMT,
650,0x962e2cd699f8021438cf9d4a17cfca0282b81b48,DogeKingKiller,03-12-2022 14:03:04 GMT,
651,0xe637b285bfe8da903cf0527cab54cc3e04ab0db9,DragonKing,03-12-2022 14:03:04 GMT,
652,0x2616ecbde1a0a3c415b9973759a315e26c828f9d,BDG,03-12-2022 14:03:03 GMT,
653,0x0212ae9cd9032fa4e9a0b02a1c762ae1f244afeb,SPT,03-12-2022 14:00:06 GMT,
654,0xb1bfb1b0ba5fdce15e549abc1aa5e6ff74743852,Vshiba,03-12-2022 14:00:06 GMT,
655,0x822d7E800e19e3527f751301EE4055ed75572930,Cake-LP,03-12-2022 14:00:03 GMT,
656,0x4b7e0f90c5b5b9d7e994040e1bd49a1f06d686d9,FLIPC,03-12-2022 15:36:03 GMT,
657,0x566c1b4b90820d117b0132b9f2a1ea775a97da84,BCC,03-12-2022 15:36:02 GMT,
658,0x8b102321042e73d6204129f40baf609695f35094,SHBB,03-12-2022 15:30:03 GMT,
659,0x427f483074E2F97a34873554e41Ba5ca6Cb12a19,BTC2,03-12-2022 15:29:51 GMT,
660,0x3BD446B5267B1f26B37fA85A0970b4B663250e44,BGCats,03-12-2022 15:29:24 GMT,
661,0x33381eBB4f21D449c9189b1256e2F1Ea21f6D34d,OKAMOTO,03-12-2022 15:29:18 GMT,
662,0xe4BEFbd58e750216F3d05Da152C457c81D32BF63,NEOCAS,03-12-2022 15:29:12 GMT,
663,0x5AF5F10cE7F003e7048a9Dc311383c449746700e,CDREAM,03-12-2022 15:29:02 GMT,
664,0xA21431Bf76CD68045eAd282C8873035e814D1132,lssdd,03-12-2022 15:29:01 GMT,
665,0x342304e09fadd792FD19Be6BB2b1Fc8e949ca8BB,DUMPONTESLA,03-12-2022 15:29:01 GMT,
666,0x16a12cCe6C6ADd617655065E3BdE3e092D69Cc01,SBS,03-12-2022 15:29:01 GMT,
667,0xb96CbF7552f47d65a189c52379032A11920BBb68,FIREROCKET,03-12-2022 15:29:01 GMT,
668,0xf8c5cB46e4267d5C326D744272Cd918b2c69522D,lambo,03-12-2022 15:29:01 GMT,
669,0xD9f3F56771C17954579D873735093475D723a8AD,AoT,03-12-2022 15:29:01 GMT,
670,0xA91C52aE041162a3DB4551929E95CdAc731927Ec,TLC,03-12-2022 15:29:01 GMT,
671,0xc4Cdd20517f8367Ff046a4Fd1582D5361d59278d,BELON,03-12-2022 15:29:01 GMT,
672,0x954DB8A48C272fD8EcEcdF011788d130668aa6E1,BAT,03-12-2022 15:29:01 GMT,
673,0xe9329FA0e0a208056f641FAA8bfe4b799A69C5Ef,CUPCAKE,03-12-2022 15:29:01 GMT,
674,0xF2A2baCDA2399722d001811874F7d9dC61fC3e10,ShiWario,03-12-2022 15:29:01 GMT,
675,0x45c1c6cb35b58BcEA4f773474fc27E169bb5362b,SHIMO,03-12-2022 15:29:01 GMT,
676,0xc810e6d59835e3a47fb247af80ee3dbd3b840709,PEPE,03-12-2022 15:27:05 GMT,
677,0xd873ef61a81bf27dc8b7287ad4cc04a0bc0f9467,HKATZ,03-12-2022 15:27:04 GMT,
678,0xbe9829e1639cc0dfb1a713634f34242217ef23bd,TESTMARCH,03-12-2022 15:27:04 GMT,
679,0x14e62a26415e4828f021da4c85bb559966110601,üßÇSALT,03-12-2022 15:21:04 GMT,
680,0x7c71cd7c6d5848cbd9399bc1af40af43f6ec410f,TreeKing,03-12-2022 15:21:04 GMT,
681,0x2ed853132d8b125Ba7cC44aC066eB8c378FCe65e,KITTYCOINS,03-12-2022 15:20:02 GMT,
682,0xf538BEbF2051423c6f8aa3D99e5D250D0d597F80,PIXEL,03-12-2022 15:20:02 GMT,
683,0x865B827a8677d93dD08f71e3BFb5E1eD8f2C15f6,LARVA,03-12-2022 15:20:02 GMT,
684,0xFDe7ac8E82d261D5BcEa44dfCdA42D32c5A74615,HMSTR,03-12-2022 15:20:02 GMT,
685,0x11dCdCea1Fc7134B571254F83eD3CF8faA6e2ff4,SIMPMOON,03-12-2022 15:20:02 GMT,
686,0x8e5a8B232563eC5De1CC3B8995d9772dbeC4a497,Marslight,03-12-2022 15:20:02 GMT,
687,0x7463dB1F52BfDD69c73AA86Ce907463013b4f183,DIGI,03-12-2022 15:20:02 GMT,
688,0xa25075347601ae9Be79Be1B7b2B0E75d86C77684,BC,03-12-2022 15:20:02 GMT,
689,0x9338F8C32F8BDB13AfE78a4A6Fe477664E31D2af,SHIF,03-12-2022 15:20:02 GMT,
690,0x6753dde8B0b02323344cDeA462e8CA78080DAc01,BSCMoon,03-12-2022 15:20:02 GMT,
691,0x54c7DBaAdC53704Fc6ef7dD4C3DB5e752554954b,üåï POLKAMOON,03-12-2022 15:20:02 GMT,
692,0x20094Dc390e37558097C81c24C4F5900113567b8,ONE,03-12-2022 15:20:02 GMT,
693,0xf74d2ea7BE5994593ef9B31EAbeAB3CEf3af46eD,HPT,03-12-2022 15:20:02 GMT,
694,0xc37ed955ddE98f554788Fa1a55F06f5B60e316Fc,DIGI,03-12-2022 15:20:02 GMT,
695,0x2DFbdE6B46f266006FFC600eC27626C53A4983EB,SHIBASWAP,03-12-2022 15:20:02 GMT,
696,0xf6E451cced54Bc68A7a903725124eEa379382B01,DONUT,03-12-2022 15:20:02 GMT,
697,0x63554269c9897c1ceec2e1200af53949c20a11cc,PCHU,03-12-2022 15:18:03 GMT,
698,0xd6357be23eca9b47e4b789f91ca3a225bc3fcb87,LUGIA,03-12-2022 15:18:02 GMT,
699,0x9ac1f3508fb59103fdcbe25f177b57dad92bcdfc,PHMN,03-12-2022 15:15:04 GMT,
700,0xB2f7aF5de5764ae53490c4F3ca1D289e38dEF0E2,AMG,03-12-2022 15:09:36 GMT,
701,0x0EA9FAf71D7e230930a283DbB029299872038d1F,ENTERSPACE,03-12-2022 15:09:02 GMT,
702,0x2bC18472Ee4931AA3E493b819923AF70b63CD0D1,JARMEK,03-12-2022 15:09:02 GMT,
703,0x16BB328269ff3Cb52477746De171ca8b16875C28,LT,03-12-2022 15:09:02 GMT,
704,0x4330Da27a39a434Ca10cBAf4f271A4dF90069ae9,MoonPaw,03-12-2022 15:09:02 GMT,
705,0x4b7e0f90c5b5b9d7e994040e1bd49a1f06d686d9,FLIPC,03-12-2022 15:36:03 GMT,
706,0x566c1b4b90820d117b0132b9f2a1ea775a97da84,BCC,03-12-2022 15:36:02 GMT,
707,0x8b102321042e73d6204129f40baf609695f35094,SHBB,03-12-2022 15:30:03 GMT,
708,0x427f483074E2F97a34873554e41Ba5ca6Cb12a19,BTC2,03-12-2022 15:29:51 GMT,
709,0x3BD446B5267B1f26B37fA85A0970b4B663250e44,BGCats,03-12-2022 15:29:24 GMT,
710,0x33381eBB4f21D449c9189b1256e2F1Ea21f6D34d,OKAMOTO,03-12-2022 15:29:18 GMT,
711,0xe4BEFbd58e750216F3d05Da152C457c81D32BF63,NEOCAS,03-12-2022 15:29:12 GMT,
712,0x5AF5F10cE7F003e7048a9Dc311383c449746700e,CDREAM,03-12-2022 15:29:02 GMT,
713,0xA21431Bf76CD68045eAd282C8873035e814D1132,lssdd,03-12-2022 15:29:01 GMT,
714,0x342304e09fadd792FD19Be6BB2b1Fc8e949ca8BB,DUMPONTESLA,03-12-2022 15:29:01 GMT,
715,0x16a12cCe6C6ADd617655065E3BdE3e092D69Cc01,SBS,03-12-2022 15:29:01 GMT,
716,0xb96CbF7552f47d65a189c52379032A11920BBb68,FIREROCKET,03-12-2022 15:29:01 GMT,
717,0xf8c5cB46e4267d5C326D744272Cd918b2c69522D,lambo,03-12-2022 15:29:01 GMT,
718,0xD9f3F56771C17954579D873735093475D723a8AD,AoT,03-12-2022 15:29:01 GMT,
719,0xA91C52aE041162a3DB4551929E95CdAc731927Ec,TLC,03-12-2022 15:29:01 GMT,
720,0xc4Cdd20517f8367Ff046a4Fd1582D5361d59278d,BELON,03-12-2022 15:29:01 GMT,
721,0x954DB8A48C272fD8EcEcdF011788d130668aa6E1,BAT,03-12-2022 15:29:01 GMT,
722,0xe9329FA0e0a208056f641FAA8bfe4b799A69C5Ef,CUPCAKE,03-12-2022 15:29:01 GMT,
723,0xF2A2baCDA2399722d001811874F7d9dC61fC3e10,ShiWario,03-12-2022 15:29:01 GMT,
724,0x45c1c6cb35b58BcEA4f773474fc27E169bb5362b,SHIMO,03-12-2022 15:29:01 GMT,
725,0xc810e6d59835e3a47fb247af80ee3dbd3b840709,PEPE,03-12-2022 15:27:05 GMT,
726,0xd873ef61a81bf27dc8b7287ad4cc04a0bc0f9467,HKATZ,03-12-2022 15:27:04 GMT,
727,0xbe9829e1639cc0dfb1a713634f34242217ef23bd,TESTMARCH,03-12-2022 15:27:04 GMT,
728,0x14e62a26415e4828f021da4c85bb559966110601,üßÇSALT,03-12-2022 15:21:04 GMT,
729,0x7c71cd7c6d5848cbd9399bc1af40af43f6ec410f,TreeKing,03-12-2022 15:21:04 GMT,
730,0x2ed853132d8b125Ba7cC44aC066eB8c378FCe65e,KITTYCOINS,03-12-2022 15:20:02 GMT,
731,0xf538BEbF2051423c6f8aa3D99e5D250D0d597F80,PIXEL,03-12-2022 15:20:02 GMT,
732,0x865B827a8677d93dD08f71e3BFb5E1eD8f2C15f6,LARVA,03-12-2022 15:20:02 GMT,
733,0xFDe7ac8E82d261D5BcEa44dfCdA42D32c5A74615,HMSTR,03-12-2022 15:20:02 GMT,
734,0x11dCdCea1Fc7134B571254F83eD3CF8faA6e2ff4,SIMPMOON,03-12-2022 15:20:02 GMT,
735,0x8e5a8B232563eC5De1CC3B8995d9772dbeC4a497,Marslight,03-12-2022 15:20:02 GMT,
736,0x7463dB1F52BfDD69c73AA86Ce907463013b4f183,DIGI,03-12-2022 15:20:02 GMT,
737,0xa25075347601ae9Be79Be1B7b2B0E75d86C77684,BC,03-12-2022 15:20:02 GMT,
738,0x9338F8C32F8BDB13AfE78a4A6Fe477664E31D2af,SHIF,03-12-2022 15:20:02 GMT,
739,0x6753dde8B0b02323344cDeA462e8CA78080DAc01,BSCMoon,03-12-2022 15:20:02 GMT,
740,0x54c7DBaAdC53704Fc6ef7dD4C3DB5e752554954b,üåï POLKAMOON,03-12-2022 15:20:02 GMT,
741,0x20094Dc390e37558097C81c24C4F5900113567b8,ONE,03-12-2022 15:20:02 GMT,
742,0xf74d2ea7BE5994593ef9B31EAbeAB3CEf3af46eD,HPT,03-12-2022 15:20:02 GMT,
743,0xc37ed955ddE98f554788Fa1a55F06f5B60e316Fc,DIGI,03-12-2022 15:20:02 GMT,
744,0x2DFbdE6B46f266006FFC600eC27626C53A4983EB,SHIBASWAP,03-12-2022 15:20:02 GMT,
745,0xf6E451cced54Bc68A7a903725124eEa379382B01,DONUT,03-12-2022 15:20:02 GMT,
746,0x63554269c9897c1ceec2e1200af53949c20a11cc,PCHU,03-12-2022 15:18:03 GMT,
747,0xd6357be23eca9b47e4b789f91ca3a225bc3fcb87,LUGIA,03-12-2022 15:18:02 GMT,
748,0x9ac1f3508fb59103fdcbe25f177b57dad92bcdfc,PHMN,03-12-2022 15:15:04 GMT,
749,0xB2f7aF5de5764ae53490c4F3ca1D289e38dEF0E2,AMG,03-12-2022 15:09:36 GMT,
750,0x0EA9FAf71D7e230930a283DbB029299872038d1F,ENTERSPACE,03-12-2022 15:09:02 GMT,
751,0x2bC18472Ee4931AA3E493b819923AF70b63CD0D1,JARMEK,03-12-2022 15:09:02 GMT,
752,0x16BB328269ff3Cb52477746De171ca8b16875C28,LT,03-12-2022 15:09:02 GMT,
753,0x4330Da27a39a434Ca10cBAf4f271A4dF90069ae9,MoonPaw,03-12-2022 15:09:02 GMT,
754,0xb2f8f74bf77d350b60e04acf4b5d2ebef466b4d3,FlokiSteroid,03-12-2022 16:27:03 GMT,
755,0x0b48a885c9e6958e128663af749e2c2c08c7aec0,KODoge,03-12-2022 16:24:02 GMT,
756,0xBB2A395078C1225165dF48656f713ebe54959869,Shot,03-12-2022 16:19:07 GMT,
757,0x643D25be0955d8b690aAc000484E2c48eEc1F59D,HG,03-12-2022 16:19:07 GMT,
758,0xA02f3000f44F1c6c1A9E30079326B004F5CbcAde,DOGEROCKET,03-12-2022 16:19:01 GMT,
759,0xcb683522f12b3afc767e1bf1156fe5fb58a83ca7,SDog,03-12-2022 16:18:02 GMT,
760,0x73bd63445Db110a691Aa555193A863b66F07d5F2,GIKX,03-12-2022 16:18:01 GMT,
761,0x3Cc8A9149d70375537C30AF1ecf0d450CC4DC67F,TIKTOK,03-12-2022 16:18:01 GMT,
762,0xE556242Fe453D8F947D3c7eF7DA82743e50bC2f9,$STAXI,03-12-2022 16:18:01 GMT,
763,0x1A8E0a2ff38fa0718f51Ddc8b53E0cA07bd7BFD4,WORLDCARE,03-12-2022 16:18:01 GMT,
764,0xB302a4f912FFe081fB6B9aF54c87206bC07EFce7,DabbingCoin,03-12-2022 16:18:01 GMT,
765,0x7867668f7FfBC84eD3e1f4e656ae26Da5bC395f0,DC,03-12-2022 16:18:01 GMT,
766,0x3bD0863A8855AF3E7F3892fEbbF87BDe3e7Fb05D,KDOGE,03-12-2022 16:18:01 GMT,
767,0xd42f7C8335DEACfB1CCD2a73A9351BB61d5F0B4C,  KOSHIK,03-12-2022 16:18:01 GMT,
768,0xeEdb20D47fb3aB2225Ceb320aA46d21098f3437a,SAEBSC,03-12-2022 16:18:01 GMT,
769,0x87F1BeAd3D970cbFD0Aa9488bA5100636842828F,ALT,03-12-2022 16:18:01 GMT,
770,0xBE6C8e986A19A030372A1568937363b80c49D386,CMG,03-12-2022 16:18:01 GMT,
771,0x9B8B2E8cCC6744Cb0805D1674F39A49BffD0371D,CUMTOWER,03-12-2022 16:18:01 GMT,
772,0x818B9D689938A01D822309ade02761944EDec53C,Cake-LP,03-12-2022 16:18:01 GMT,
773,0xead74738f631ec5dda89f86cf130d6d96b092a70,CLY,03-12-2022 16:15:05 GMT,
774,0xf36eba9cfa8634a6bff33dd52a5c69cd5e6e6b82,CSL,03-12-2022 16:12:02 GMT,
775,0xB8DBFdA280d608eD200297D9bA2811bD43aDa299,GoFly,03-12-2022 16:09:58 GMT,
776,0xa120c5Fd42B30215524f9E50a39c3d7991eDB533,UBTC,03-12-2022 16:09:46 GMT,
777,0x8D1D49aFa5301B0f9ee36fc05f26e9cf1d1E9211,BETA INU,03-12-2022 16:09:46 GMT,
778,0xF4aEf0f0BAb18d7fABfdABb4a03EeEe2479C2F46,BabyK0,03-12-2022 16:09:31 GMT,
779,0x629692dAb1331C0532b293D73ffcF0c939b3b8DB,TC,03-12-2022 16:09:01 GMT,
780,0x00Aa52D3CbE66a17555246EbD23280E19d898601,BABYCANDYLAD,03-12-2022 16:07:34 GMT,
781,0x55Fd08f5966aE82bF8c8E6eec2547bDd3252672b,BMT,03-12-2022 16:07:31 GMT,
782,0x7b1FEbB1d830461ebE22a489DB7285BDA8CeE3B3,CS,03-12-2022 16:07:02 GMT,
783,0x324f573a4BAaa67CcDBEdC594D066827A2C32BA8,Kleek,03-12-2022 16:07:02 GMT,
784,0x1eeEF0EACec8685A4828195B06fdD7CfB5A2E8F0,APE,03-12-2022 16:07:02 GMT,
785,0xb71b03Debd40b9db4625107dD85911E899C7767c,KKBSC,03-12-2022 16:07:02 GMT,
786,0x90A41D6372CbBFAD0FCc4ffFB1b9def27f07dfD6,KLEK,03-12-2022 16:07:02 GMT,
787,0xd53CCE14100f764E6c233bE165Ca09a4007Ed0bB,ü•ù,03-12-2022 16:07:02 GMT,
788,0x64281cbfeCD1c5cb1fa40Db2Ba2953d1C7A46c49,MNKING,03-12-2022 16:07:02 GMT,
789,0xf0f12589dE6C96AF03ddA457a1Cc0243616a067d,BARK,03-12-2022 16:07:02 GMT,
790,0xFFEe1eCcFa1ee959BCEc2F2713CbC7aA4bE4f73C,SMARTDIAMOND,03-12-2022 16:07:02 GMT,
791,0xa7418865ce8e44befa9220002bb59297c775c84d,CSL,03-12-2022 16:06:02 GMT,
792,0xd25767f66271e3d75dca46f4398bff16059b180d,AmbushDoge,03-12-2022 16:00:06 GMT,
793,0xC22EB94C4cb0a5DC3EAbD51984c04e2d71E3D34A,ZNN,03-12-2022 15:59:18 GMT,
794,0x2B1C857036aE196CFd08F37650b08E337b04Efb6,OLM,03-12-2022 15:58:24 GMT,
795,0xF5a53fdD22d908c98e8fb21CAf4fF6C5bbBBc718,TRUMP,03-12-2022 15:58:02 GMT,
796,0xE021Fdd1b3D0D2C4c1333f0279581002566C684C,KLEK,03-12-2022 15:58:02 GMT,
797,0x4264C1C0f64856A98dB93c6f5b5794061c5f7cFF,FATDOGE,03-12-2022 15:58:02 GMT,
798,0xec67Ef7D5f77f0241f8C462e504C348df0e6f166,KLEEKAI,03-12-2022 15:58:02 GMT,
799,0x1a2dC4C1B148C3dC4b2A87c9BFa24FF784701A1f,Kleek,03-12-2022 15:58:02 GMT,
800,0xD7fd6e96041e4E7BDF24D37dAcD146b8AD65C6B4,KKI,03-12-2022 15:58:02 GMT,
801,0x6b9bda107D1Cbd333718d0a9923f81b97e38e38f,KleeKai,03-12-2022 15:58:02 GMT,
802,0x02c3534831b560cdF9EAa772243FA26C6b3c53a7,SHINU,03-12-2022 15:58:02 GMT,
803,0xfE5EE975bd094C04Ea63f566aCB6e786a334892B,STM,03-12-2022 15:58:02 GMT,
804,0xd53CCE14100f764E6c233bE165Ca09a4007Ed0bB,ü•ù,03-12-2022 16:07:02 GMT,
805,0x64281cbfeCD1c5cb1fa40Db2Ba2953d1C7A46c49,MNKING,03-12-2022 16:07:02 GMT,
806,0xf0f12589dE6C96AF03ddA457a1Cc0243616a067d,BARK,03-12-2022 16:07:02 GMT,
807,0xFFEe1eCcFa1ee959BCEc2F2713CbC7aA4bE4f73C,SMARTDIAMOND,03-12-2022 16:07:02 GMT,
808,0xa7418865ce8e44befa9220002bb59297c775c84d,CSL,03-12-2022 16:06:02 GMT,
809,0xd25767f66271e3d75dca46f4398bff16059b180d,AmbushDoge,03-12-2022 16:00:06 GMT,
810,0xC22EB94C4cb0a5DC3EAbD51984c04e2d71E3D34A,ZNN,03-12-2022 15:59:18 GMT,
811,0x2B1C857036aE196CFd08F37650b08E337b04Efb6,OLM,03-12-2022 15:58:24 GMT,
812,0xF5a53fdD22d908c98e8fb21CAf4fF6C5bbBBc718,TRUMP,03-12-2022 15:58:02 GMT,
813,0xE021Fdd1b3D0D2C4c1333f0279581002566C684C,KLEK,03-12-2022 15:58:02 GMT,
814,0x4264C1C0f64856A98dB93c6f5b5794061c5f7cFF,FATDOGE,03-12-2022 15:58:02 GMT,
815,0xec67Ef7D5f77f0241f8C462e504C348df0e6f166,KLEEKAI,03-12-2022 15:58:02 GMT,
816,0x1a2dC4C1B148C3dC4b2A87c9BFa24FF784701A1f,Kleek,03-12-2022 15:58:02 GMT,
817,0xD7fd6e96041e4E7BDF24D37dAcD146b8AD65C6B4,KKI,03-12-2022 15:58:02 GMT,
818,0x6b9bda107D1Cbd333718d0a9923f81b97e38e38f,KleeKai,03-12-2022 15:58:02 GMT,
819,0x02c3534831b560cdF9EAa772243FA26C6b3c53a7,SHINU,03-12-2022 15:58:02 GMT,
820,0xfE5EE975bd094C04Ea63f566aCB6e786a334892B,STM,03-12-2022 15:58:02 GMT,
821,0x70b9c0D0E1b2F7CdBC1FCd9eC69E526d7f7380fc,ASC,03-12-2022 16:29:55 GMT,
822,0xdcDA8452E93f24DA9eBf7cd4bDA39Deed0B60229,Baby Killo,03-12-2022 16:29:46 GMT,
823,0x3735AA24F934cC935d15aDa24ef8F16bDAc17bc1,üååMKWY,03-12-2022 16:29:02 GMT,
824,0x6025b977F58BaBE919bf1EE8980Ed0E153e67a48,HSC,03-12-2022 16:29:02 GMT,
825,0xB0Dd2C1b16044018be0a336E9658C623F08e62c4,DiamondHands,03-12-2022 16:29:02 GMT,
826,0x81FA19931C87dDF952E1Cee7940d3107392e547A,LLQTNT,03-12-2022 16:29:02 GMT,
827,0xdabB4D8CA4124EeB4c403869B34A57AC86321087,FAPT,03-12-2022 16:29:02 GMT,
828,0x10BDC1BC9c3FeA665Cf76E453DDAF2E623a1CEFD,rope,03-12-2022 16:29:02 GMT,
829,0xC7E238adde6257310a51503219ec95e16105068c,DOBIE,03-12-2022 16:29:02 GMT,
830,0x9a123d96529652904f6d7E1Dc5AA73eD60944cda,NOWARCOIN,03-12-2022 16:29:02 GMT,
831,0xaca996Caf13227a9B3C72Da2229600dcD4174EEa,AZTEC,03-12-2022 16:29:02 GMT,
832,0x2302DB6Dc4E58AFFf4BD098EaCBa0178034753d6,TwetElon,03-12-2022 16:29:01 GMT,
833,0x54D1c87C37B9b2E5f545483f51Df0428affd247e,CORGI,03-12-2022 16:29:01 GMT,
834,0xB8146Ac75F93a85a156584d81e16670A6Ea16bca,CFG,03-12-2022 16:29:01 GMT,
835,0x583ED6fE2cEf13453E6D8F3Ad7aB969CA4DC869C,MCS,03-12-2022 16:29:01 GMT,
836,0x01b08Dc53D0aA25Cd7c0f07883AFd1Ac086830a7,TASTY,03-12-2022 16:29:01 GMT,
837,0xd0d85dfbfa1fe6eb64425cd072d7270f06ea3ccc,WHATSAPP,03-12-2022 16:21:38 GMT,
838,0x70b9c0D0E1b2F7CdBC1FCd9eC69E526d7f7380fc,ASC,03-12-2022 16:29:55 GMT,
839,0xdcDA8452E93f24DA9eBf7cd4bDA39Deed0B60229,Baby Killo,03-12-2022 16:29:46 GMT,
840,0x3735AA24F934cC935d15aDa24ef8F16bDAc17bc1,üååMKWY,03-12-2022 16:29:02 GMT,
841,0x6025b977F58BaBE919bf1EE8980Ed0E153e67a48,HSC,03-12-2022 16:29:02 GMT,
842,0xB0Dd2C1b16044018be0a336E9658C623F08e62c4,DiamondHands,03-12-2022 16:29:02 GMT,
843,0x81FA19931C87dDF952E1Cee7940d3107392e547A,LLQTNT,03-12-2022 16:29:02 GMT,
844,0xdabB4D8CA4124EeB4c403869B34A57AC86321087,FAPT,03-12-2022 16:29:02 GMT,
845,0x10BDC1BC9c3FeA665Cf76E453DDAF2E623a1CEFD,rope,03-12-2022 16:29:02 GMT,
846,0xC7E238adde6257310a51503219ec95e16105068c,DOBIE,03-12-2022 16:29:02 GMT,
847,0x9a123d96529652904f6d7E1Dc5AA73eD60944cda,NOWARCOIN,03-12-2022 16:29:02 GMT,
848,0xaca996Caf13227a9B3C72Da2229600dcD4174EEa,AZTEC,03-12-2022 16:29:02 GMT,
849,0x2302DB6Dc4E58AFFf4BD098EaCBa0178034753d6,TwetElon,03-12-2022 16:29:01 GMT,
850,0x54D1c87C37B9b2E5f545483f51Df0428affd247e,CORGI,03-12-2022 16:29:01 GMT,
851,0xB8146Ac75F93a85a156584d81e16670A6Ea16bca,CFG,03-12-2022 16:29:01 GMT,
852,0x583ED6fE2cEf13453E6D8F3Ad7aB969CA4DC869C,MCS,03-12-2022 16:29:01 GMT,
853,0x01b08Dc53D0aA25Cd7c0f07883AFd1Ac086830a7,TASTY,03-12-2022 16:29:01 GMT,
854,0xb2f8f74bf77d350b60e04acf4b5d2ebef466b4d3,FlokiSteroid,03-12-2022 16:27:03 GMT,
855,0x0b48a885c9e6958e128663af749e2c2c08c7aec0,KODoge,03-12-2022 16:24:02 GMT,
856,0xd0d85dfbfa1fe6eb64425cd072d7270f06ea3ccc,WHATSAPP,03-12-2022 16:21:38 GMT,
857,0xBB2A395078C1225165dF48656f713ebe54959869,Shot,03-12-2022 16:19:07 GMT,
858,0x643D25be0955d8b690aAc000484E2c48eEc1F59D,HG,03-12-2022 16:19:07 GMT,
859,0xA02f3000f44F1c6c1A9E30079326B004F5CbcAde,DOGEROCKET,03-12-2022 16:19:01 GMT,
860,0xcb683522f12b3afc767e1bf1156fe5fb58a83ca7,SDog,03-12-2022 16:18:02 GMT,
861,0x73bd63445Db110a691Aa555193A863b66F07d5F2,GIKX,03-12-2022 16:18:01 GMT,
862,0x3Cc8A9149d70375537C30AF1ecf0d450CC4DC67F,TIKTOK,03-12-2022 16:18:01 GMT,
863,0xE556242Fe453D8F947D3c7eF7DA82743e50bC2f9,$STAXI,03-12-2022 16:18:01 GMT,
864,0x1A8E0a2ff38fa0718f51Ddc8b53E0cA07bd7BFD4,WORLDCARE,03-12-2022 16:18:01 GMT,
865,0xB302a4f912FFe081fB6B9aF54c87206bC07EFce7,DabbingCoin,03-12-2022 16:18:01 GMT,
866,0x7867668f7FfBC84eD3e1f4e656ae26Da5bC395f0,DC,03-12-2022 16:18:01 GMT,
867,0x3bD0863A8855AF3E7F3892fEbbF87BDe3e7Fb05D,KDOGE,03-12-2022 16:18:01 GMT,
868,0xd42f7C8335DEACfB1CCD2a73A9351BB61d5F0B4C,  KOSHIK,03-12-2022 16:18:01 GMT,
869,0xeEdb20D47fb3aB2225Ceb320aA46d21098f3437a,SAEBSC,03-12-2022 16:18:01 GMT,
870,0x87F1BeAd3D970cbFD0Aa9488bA5100636842828F,ALT,03-12-2022 16:18:01 GMT,
871,0xBE6C8e986A19A030372A1568937363b80c49D386,CMG,03-12-2022 16:18:01 GMT,
872,0x9B8B2E8cCC6744Cb0805D1674F39A49BffD0371D,CUMTOWER,03-12-2022 16:18:01 GMT,
873,0x818B9D689938A01D822309ade02761944EDec53C,Cake-LP,03-12-2022 16:18:01 GMT,
874,0xead74738f631ec5dda89f86cf130d6d96b092a70,CLY,03-12-2022 16:15:05 GMT,
875,0xf36eba9cfa8634a6bff33dd52a5c69cd5e6e6b82,CSL,03-12-2022 16:12:02 GMT,
876,0xB8DBFdA280d608eD200297D9bA2811bD43aDa299,GoFly,03-12-2022 16:09:58 GMT,
877,0xa120c5Fd42B30215524f9E50a39c3d7991eDB533,UBTC,03-12-2022 16:09:46 GMT,
878,0x8D1D49aFa5301B0f9ee36fc05f26e9cf1d1E9211,BETA INU,03-12-2022 16:09:46 GMT,
879,0xF4aEf0f0BAb18d7fABfdABb4a03EeEe2479C2F46,BabyK0,03-12-2022 16:09:31 GMT,
880,0x629692dAb1331C0532b293D73ffcF0c939b3b8DB,TC,03-12-2022 16:09:01 GMT,
881,0x00Aa52D3CbE66a17555246EbD23280E19d898601,BABYCANDYLAD,03-12-2022 16:07:34 GMT,
882,0x55Fd08f5966aE82bF8c8E6eec2547bDd3252672b,BMT,03-12-2022 16:07:31 GMT,
883,0x7b1FEbB1d830461ebE22a489DB7285BDA8CeE3B3,CS,03-12-2022 16:07:02 GMT,
884,0x324f573a4BAaa67CcDBEdC594D066827A2C32BA8,Kleek,03-12-2022 16:07:02 GMT,
885,0x1eeEF0EACec8685A4828195B06fdD7CfB5A2E8F0,APE,03-12-2022 16:07:02 GMT,
886,0xb71b03Debd40b9db4625107dD85911E899C7767c,KKBSC,03-12-2022 16:07:02 GMT,
887,0x90A41D6372CbBFAD0FCc4ffFB1b9def27f07dfD6,KLEK,03-12-2022 16:07:02 GMT,
888,0x95E0Ec7C64389Be955F09ed4017808958541d206,CSHIBA,03-12-2022 17:40:02 GMT,
889,0x24bAe4Df9A96A867E9f6F2c7E134b76668a52FD2,HKINU,03-12-2022 17:40:02 GMT,
890,0xf6fF6d504cDDd25Aa1B44BD98f43d1d522e235F7,CDB,03-12-2022 17:40:02 GMT,
891,0x87E838b8cF551B4f38D6142E957E2cF6D96B41a6,KEBAB,03-12-2022 17:40:02 GMT,
892,0xCFd693D9305f2074b3D625A3D944b5Df15343f53,ELONHOLD,03-12-2022 17:40:02 GMT,
893,0xEd14db3393CC9c2143E1fF33B5918c0436583F67,APESZN,03-12-2022 17:40:02 GMT,
894,0xe8fDbb0C5B127c972D53A075BC4fC08A6B03299a,JIND,03-12-2022 17:40:02 GMT,
895,0x442422Eb0a5970958A986259dFF1C56067ABd647,NeoFI,03-12-2022 17:40:02 GMT,
896,0x144C6E1C99A15f2483b7285a5BE5835a666CA468,FAKENEWS,03-12-2022 17:40:02 GMT,
897,0x6106bb43e3616c5105c1e519bDCDC8a4e4c5A62C,DABB,03-12-2022 17:40:02 GMT,
898,0xF18041ef3F2bBa6fBd344Aca3CD577716428f0D4,MAMEF,03-12-2022 17:40:02 GMT,
899,0x1f7474920705Bf68E904B32832d4003f97e0d856,SMOUNTH,03-12-2022 17:40:02 GMT,
900,0xA432BD124F75Ac943230a63aE24d3a24a949CEa2,Akinu,03-12-2022 17:40:02 GMT,
901,0x88f3AC00Cc19796cc0a30b079b5bFa7BE88f69e6,BOON,03-12-2022 17:40:02 GMT,
902,0xC2BF28D680Dab6D43bE898c4d4c5c4665Be84b4c,CABA,03-12-2022 17:40:02 GMT,
903,0xA671feE7B75dD344d3Fe20Da85fd1589C784Ca5e,LBNB,03-12-2022 17:40:02 GMT,
904,0x865cE1711C83892deC25EFF2fF841BD5341a7914,PODS,03-12-2022 17:40:02 GMT,
905,0x41373f97c5614a0a9b8e005bf5a000de7dc02848,OBB,03-12-2022 17:39:03 GMT,
906,0xfc280a7c1f71e3fd8ca44b5c2430a013d1f34a3c,MYC,03-12-2022 17:36:03 GMT,
907,0x2b0e6fdd6b9e96e76d6a98a695acdc5db53df1e5,DWD,03-12-2022 17:30:04 GMT,
908,0xf1972B3AD9D2D28F0B2544905E5Ce45c01E8b18b,SHITMOON,03-12-2022 17:30:02 GMT,
909,0xc6156AE5dcc34099004f552b3C55e90955030Eda,NJ,03-12-2022 17:29:56 GMT,
910,0x0d4Db8689c45fc9BF88645bFD12A0F7F65b7aE29,BSR,03-12-2022 17:29:41 GMT,
911,0xE2Ef91830ABF87DB22525B64F6AFdD1231A81497,YODO,03-12-2022 17:29:01 GMT,
912,0x3b651a630F3380E64Fdd03419ED9580f4c51a5CE,BeHappyCoin,03-12-2022 17:29:01 GMT,
913,0xD6e42e4D70B17eD6033d72C4f2eE0F2BD676787F,MSP,03-12-2022 17:29:01 GMT,
914,0x6Beb44c888e985797819a8e90e3595797dea6B4a,YDOGE,03-12-2022 17:29:01 GMT,
915,0x8e99Da7a27D2B329054ce8D9374d7cd18E16cdD9,BIOS,03-12-2022 17:29:01 GMT,
916,0x02984186609962ECcECE72847153d9dF81399F4a,SEGS,03-12-2022 17:29:01 GMT,
917,0x8EecD6C48bac93DB1712c3E71139eE8D12C95B1f,FBanana,03-12-2022 17:29:01 GMT,
918,0x922bECa4359CEfcBD5CAE8aDD17698F7176f2441,MPY,03-12-2022 17:29:01 GMT,
919,0xe9Ada7870F84e7E799d5307a6Eab974AddC46931,BCN,03-12-2022 17:29:01 GMT,
920,0xD056959190b09FC38242C21E0f8Eae0d971D48DD,VONX,03-12-2022 17:29:01 GMT,
921,0x95869402eb5C492e8CCBb01b31c0a7fF65b9a4d0,CYDOGE,03-12-2022 17:29:01 GMT,
922,0x784D8e03b83db1A53ad656f75593d16E99Ae41f2,NGULON,03-12-2022 17:29:01 GMT,
923,0x943293789655B1555206e60F97098A8A202D6998,LIG,03-12-2022 17:29:01 GMT,
924,0x44683efd92b3c184c38a31db44cc778d7389ef6d,FD,03-12-2022 17:21:03 GMT,
925,0xab79046ad3831277ba1ba0f78fd8f53ba7e99595,ZNN,03-12-2022 17:21:02 GMT,
926,0x9c8c84A29286edFbf04038406fEC04c94791F893,AssHolePutin.org,03-12-2022 17:20:01 GMT,
927,0x0bA69F80C75cC494bEcf519a30C8dd7bE85304F4,PPRC,03-12-2022 17:19:40 GMT,
928,0x5A5c1928c77EcBf19d01DF0a80e0C0F79fd34e8c,CBUAE,03-12-2022 17:18:40 GMT,
929,0xeFC166Ea78434db86362f772D579e3165C0BE941,AssHolePutin.org,03-12-2022 17:18:25 GMT,
930,0x2Fc3dE04FAbF2E35062Be937CE6E9a4e1f64B648,pne,03-12-2022 17:18:07 GMT,
931,0x30a9c2af3d834a4372b3aca8a8a4f22ade53ba9a,Eevee,03-12-2022 17:18:02 GMT,
932,0x015ce7F5b8A605Ef85d9f03A8e283a442de51e16,DOME,03-12-2022 17:18:01 GMT,
933,0xfd76F03C3c6A1332680480248dCCe46FE8762f53,BFREE,03-12-2022 17:18:01 GMT,
934,0x24fD2573Bb2aA56f43d9769974839C278b8e6Bac,AIR,03-12-2022 17:18:01 GMT,
935,0x1431690F17f6aC4e5A1736A9AdF83c370395a1E1,GMKT,03-12-2022 17:18:01 GMT,
936,0x24fD2573Bb2aA56f43d9769974839C278b8e6Bac,AIR,03-12-2022 17:18:01 GMT,
937,0x1431690F17f6aC4e5A1736A9AdF83c370395a1E1,GMKT,03-12-2022 17:18:01 GMT,
938,0x5103218d0a8ec5c18e6c0c2041b68fe1be6de21d,MYC,03-12-2022 17:48:02 GMT,
939,0x938ade6ad8fc18ad606bae33fe673c838bd9c14a,GOAT,03-12-2022 17:48:02 GMT,
940,0x922bECa4359CEfcBD5CAE8aDD17698F7176f2441,MPY,03-12-2022 17:29:01 GMT,
941,0xe9Ada7870F84e7E799d5307a6Eab974AddC46931,BCN,03-12-2022 17:29:01 GMT,
942,0xD056959190b09FC38242C21E0f8Eae0d971D48DD,VONX,03-12-2022 17:29:01 GMT,
943,0x95869402eb5C492e8CCBb01b31c0a7fF65b9a4d0,CYDOGE,03-12-2022 17:29:01 GMT,
944,0x784D8e03b83db1A53ad656f75593d16E99Ae41f2,NGULON,03-12-2022 17:29:01 GMT,
945,0x943293789655B1555206e60F97098A8A202D6998,LIG,03-12-2022 17:29:01 GMT,
946,0x44683efd92b3c184c38a31db44cc778d7389ef6d,FD,03-12-2022 17:21:03 GMT,
947,0xab79046ad3831277ba1ba0f78fd8f53ba7e99595,ZNN,03-12-2022 17:21:02 GMT,
948,0x9c8c84A29286edFbf04038406fEC04c94791F893,AssHolePutin.org,03-12-2022 17:20:01 GMT,
949,0x0bA69F80C75cC494bEcf519a30C8dd7bE85304F4,PPRC,03-12-2022 17:19:40 GMT,
950,0x5A5c1928c77EcBf19d01DF0a80e0C0F79fd34e8c,CBUAE,03-12-2022 17:18:40 GMT,
951,0xeFC166Ea78434db86362f772D579e3165C0BE941,AssHolePutin.org,03-12-2022 17:18:25 GMT,
952,0x2Fc3dE04FAbF2E35062Be937CE6E9a4e1f64B648,pne,03-12-2022 17:18:07 GMT,
953,0x30a9c2af3d834a4372b3aca8a8a4f22ade53ba9a,Eevee,03-12-2022 17:18:02 GMT,
954,0x015ce7F5b8A605Ef85d9f03A8e283a442de51e16,DOME,03-12-2022 17:18:01 GMT,
955,0xfd76F03C3c6A1332680480248dCCe46FE8762f53,BFREE,03-12-2022 17:18:01 GMT,
956,0xe5774e24f02f99847a527b4c86176b32881b43fc,Witch,03-12-2022 17:51:03 GMT,
957,0xDA71f5cBa8477A83B5573682892F8C66eAef5Bf0,NGA,03-12-2022 17:49:32 GMT,
958,0x777A268c8526b565e7EdF9C412ac57ad43fb6E4b,OHSHIT,03-12-2022 17:49:26 GMT,
959,0x68c606a6E2518A0d75acf21bC7E2D8A74E45e175,üåüAQUASTAR,03-12-2022 17:49:01 GMT,
960,0x18cd6290B132d8fcCCf266a71529cF3226561a6C,KRAY,03-12-2022 17:49:01 GMT,
961,0x32e63Cf2B4Df402756Af2baE8614883673b2722b,MoonJuice,03-12-2022 17:49:01 GMT,
962,0x4B3B1604C248850E972D495C59E230a191ff20Ae,IMP,03-12-2022 17:49:01 GMT,
963,0xb5150c31aFE80B15C455C0d41AFFf654309D172B,wcc,03-12-2022 17:49:01 GMT,
964,0xD254Bb699067AB8D06B9aa79bfB4FacDD4055D5c,EDOGE,03-12-2022 17:49:01 GMT,
965,0xAf0bE853697AdbEED2b3d2Ba6298063D56cD0318,LDUCK,03-12-2022 17:49:01 GMT,
966,0x1f8D9e88916b201173655C7c18C39C8fC94aF19d,BLIZZCOIN,03-12-2022 17:49:01 GMT,
967,0x920E7E1Ef57609cef20a6ff9D389b31D8f1b553F,SDoge,03-12-2022 17:49:01 GMT,
968,0xf1067D57a7C17C0492613Af263bc60e9D324EAFB,2PAC,03-12-2022 17:49:01 GMT,
969,0x95f287658069c760be2ef957e9f8EBE5040910B0,TYL,03-12-2022 17:49:01 GMT,
970,0x7f5BCED21E563f00A6Ea78ef833179aEcb3d915d,COT,03-12-2022 17:49:01 GMT,
971,0x032d70E915eA722B2e35BA9EC47827458a0d3aFE,PANDA,03-12-2022 17:49:01 GMT,
972,0x2EF14acbA6EFb00Bf957A2859Fd6e3bcf67db354,JAKE,03-12-2022 17:49:01 GMT,
973,0x1568a06ec69036f33370e1fad9cb7f23a159e48c,CANDF,03-12-2022 17:36:19 GMT,
974,0x02984186609962ECcECE72847153d9dF81399F4a,SEGS,03-12-2022 17:29:01 GMT,
975,0x8EecD6C48bac93DB1712c3E71139eE8D12C95B1f,FBanana,03-12-2022 17:29:01 GMT,
976,0x83841501d5e44ac6ce7713d4d922542902985548,K0,03-12-2022 17:54:03 GMT,
977,0x0ea1376af12cba642a7496a32c720548c9842632,MEGO,03-12-2022 17:54:03 GMT,
978,0x88f3AC00Cc19796cc0a30b079b5bFa7BE88f69e6,BOON,03-12-2022 17:40:02 GMT,
979,0xC2BF28D680Dab6D43bE898c4d4c5c4665Be84b4c,CABA,03-12-2022 17:40:02 GMT,
980,0xA671feE7B75dD344d3Fe20Da85fd1589C784Ca5e,LBNB,03-12-2022 17:40:02 GMT,
981,0x865cE1711C83892deC25EFF2fF841BD5341a7914,PODS,03-12-2022 17:40:02 GMT,
982,0x41373f97c5614a0a9b8e005bf5a000de7dc02848,OBB,03-12-2022 17:39:03 GMT,
983,0x1568a06ec69036f33370e1fad9cb7f23a159e48c,CANDF,03-12-2022 17:36:19 GMT,
984,0xfc280a7c1f71e3fd8ca44b5c2430a013d1f34a3c,MYC,03-12-2022 17:36:03 GMT,
985,0x2b0e6fdd6b9e96e76d6a98a695acdc5db53df1e5,DWD,03-12-2022 17:30:04 GMT,
986,0xf1972B3AD9D2D28F0B2544905E5Ce45c01E8b18b,SHITMOON,03-12-2022 17:30:02 GMT,
987,0xc6156AE5dcc34099004f552b3C55e90955030Eda,NJ,03-12-2022 17:29:56 GMT,
988,0x0d4Db8689c45fc9BF88645bFD12A0F7F65b7aE29,BSR,03-12-2022 17:29:41 GMT,
989,0xE2Ef91830ABF87DB22525B64F6AFdD1231A81497,YODO,03-12-2022 17:29:01 GMT,
990,0x3b651a630F3380E64Fdd03419ED9580f4c51a5CE,BeHappyCoin,03-12-2022 17:29:01 GMT,
991,0xD6e42e4D70B17eD6033d72C4f2eE0F2BD676787F,MSP,03-12-2022 17:29:01 GMT,
992,0x6Beb44c888e985797819a8e90e3595797dea6B4a,YDOGE,03-12-2022 17:29:01 GMT,
993,0x8e99Da7a27D2B329054ce8D9374d7cd18E16cdD9,BIOS,03-12-2022 17:29:01 GMT,
994,0x9c3f8E5658AdE701489ba7D055adDfd4cfA3829C,WHO,03-12-2022 17:58:35 GMT,
995,0x3A03F54ac9733706192767ccbb64540b4De92B3a,CYBER,03-12-2022 17:58:02 GMT,
996,0x8c50c7F6C72648463AF58cecA66572CdcCdA7C89,STOPELONV2,03-12-2022 17:58:02 GMT,
997,0xc856Bb2735e2c1006A2595dD7E81F5763bCd55b6,DN,03-12-2022 17:58:02 GMT,
998,0x3497A936373dB9Ccf9DAc72Eb8D6b79763E89EaE,ECOM,03-12-2022 17:58:02 GMT,
999,0xdb786D2810D0e27BE9BDBcBC5F23144E1733c421,RPIGGY,03-12-2022 17:58:02 GMT,
1000,0x0e9Bb323Ad7d6835d5E7dfdF5f8421B13A1d208e,SPB,03-12-2022 17:58:02 GMT,
1001,0x6ADC98a7bb0D9cEB0aa32946102BbA2187A0E20e,BBC,03-12-2022 17:58:02 GMT,
1002,0x2020508A917a47a7f8c02CfFecc9a2eC4388868C,SINU,03-12-2022 17:58:02 GMT,
1003,0x12d2AB910CE08E15552FCdC03c09a6B6848a4AC6,MissYouDonald,03-12-2022 17:58:02 GMT,
1004,0xcED60514bd6F81E4002A7AA1d3C971bDD328E0AF,DUMPUMP,03-12-2022 17:58:02 GMT,
1005,0x6c2a1903902FFB099e2CeB5B58A7d2cD7b70FCAe,REDISTR,03-12-2022 17:58:02 GMT,
1006,0xE767143ceF66a618A5996573dE447b7CF88C9493,RST,03-12-2022 17:58:02 GMT,
1007,0xdd02536A82f02f61E2fc1FDe4c11e7d84B2E5864,HPKT,03-12-2022 17:58:02 GMT,
1008,0x1f1E9A25bF9FDc9b55473B9A5EB6CC421950feCd,ML,03-12-2022 17:58:02 GMT,
1009,0x1Ac7CeBb785D51523fEA32735b93F8D746aDFa4d,www.pichutoken.com,03-12-2022 17:58:02 GMT,
1010,0xA432BD124F75Ac943230a63aE24d3a24a949CEa2,Akinu,03-12-2022 17:40:02 GMT,
1011,0xfea5cce672d470c79746d6685a38394b228c9a47,DSF,03-12-2022 18:03:03 GMT,
1012,0x1f7474920705Bf68E904B32832d4003f97e0d856,SMOUNTH,03-12-2022 17:40:02 GMT,
1013,0xa1fe2f1ff901f0a8930380aa3b083d45ae33941a,SACE,03-12-2022 18:06:03 GMT,
1014,0xf1067D57a7C17C0492613Af263bc60e9D324EAFB,2PAC,03-12-2022 17:49:01 GMT,
1015,0x95f287658069c760be2ef957e9f8EBE5040910B0,TYL,03-12-2022 17:49:01 GMT,
1016,0x7f5BCED21E563f00A6Ea78ef833179aEcb3d915d,COT,03-12-2022 17:49:01 GMT,
1017,0x032d70E915eA722B2e35BA9EC47827458a0d3aFE,PANDA,03-12-2022 17:49:01 GMT,
1018,0x2EF14acbA6EFb00Bf957A2859Fd6e3bcf67db354,JAKE,03-12-2022 17:49:01 GMT,
1019,0x5103218d0a8ec5c18e6c0c2041b68fe1be6de21d,MYC,03-12-2022 17:48:02 GMT,
1020,0x938ade6ad8fc18ad606bae33fe673c838bd9c14a,GOAT,03-12-2022 17:48:02 GMT,
1021,0x95E0Ec7C64389Be955F09ed4017808958541d206,CSHIBA,03-12-2022 17:40:02 GMT,
1022,0x24bAe4Df9A96A867E9f6F2c7E134b76668a52FD2,HKINU,03-12-2022 17:40:02 GMT,
1023,0xf6fF6d504cDDd25Aa1B44BD98f43d1d522e235F7,CDB,03-12-2022 17:40:02 GMT,
1024,0x87E838b8cF551B4f38D6142E957E2cF6D96B41a6,KEBAB,03-12-2022 17:40:02 GMT,
1025,0xCFd693D9305f2074b3D625A3D944b5Df15343f53,ELONHOLD,03-12-2022 17:40:02 GMT,
1026,0xEd14db3393CC9c2143E1fF33B5918c0436583F67,APESZN,03-12-2022 17:40:02 GMT,
1027,0xe8fDbb0C5B127c972D53A075BC4fC08A6B03299a,JIND,03-12-2022 17:40:02 GMT,
1028,0x442422Eb0a5970958A986259dFF1C56067ABd647,NeoFI,03-12-2022 17:40:02 GMT,
1029,0x144C6E1C99A15f2483b7285a5BE5835a666CA468,FAKENEWS,03-12-2022 17:40:02 GMT,
1030,0x6106bb43e3616c5105c1e519bDCDC8a4e4c5A62C,DABB,03-12-2022 17:40:02 GMT,
1031,0xF18041ef3F2bBa6fBd344Aca3CD577716428f0D4,MAMEF,03-12-2022 17:40:02 GMT,
1032,0xE97414492888171CaeEB03B08Be562b1049EB26C,FRST,03-12-2022 18:10:02 GMT,
1033,0x02216e41ec5EC41F43d635B392Ea3f6A29d83340,SHIBACAKE,03-12-2022 18:10:02 GMT,
1034,0x98d008C17AD3f29280ee5238501ADb3337B808cF,BUNNY,03-12-2022 18:10:02 GMT,
1035,0x9B69Af0c6Ac960921e95751d0f55818bcF792b40,GMOON,03-12-2022 18:10:02 GMT,
1036,0x04007Ccf3C6a402C75333AE363D88246245596dB,HOLD,03-12-2022 18:10:02 GMT,
1037,0xeb3b37004e94861AbD943c2548c63155AcC66350,TRUSTMOON,03-12-2022 18:10:02 GMT,
1038,0x67113BA7124aAdB5Dea9E27aB2A17A79331006E7,BABYELON,03-12-2022 18:10:02 GMT,
1039,0x02A070acbbe89A47dE495916dcaE16Eec5fB414A,JB,03-12-2022 18:10:02 GMT,
1040,0xaEA89c3424548CaaC7f8647360a375c522A92632,CHINU,03-12-2022 18:10:02 GMT,
1041,0xA94650f16eB0a0Bc516E16dDF540E5848616b7Ae,rllcc,03-12-2022 18:10:02 GMT,
1042,0xF288d3c6C57306FC1C2b13c37972E143F00761F2,ElonBullshit,03-12-2022 18:10:02 GMT,
1043,0x14E1F8FBd860f4E9FC7C9F5cC88300274D689B7b,CLU,03-12-2022 18:10:02 GMT,
1044,0xa3c3055A30d0135Cf3feAE9811f6b2aE4FEb0e46,PLUTO,03-12-2022 18:10:02 GMT,
1045,0x3cCFE2F51AB75cb5AAf06365054CD7eca546b291,BSOCIAL,03-12-2022 18:10:02 GMT,
1046,0x9d7c648AAC00774682F8a72BeEA8d8633F51DE33,LOL,03-12-2022 18:10:02 GMT,
1047,0x9e5477d8cF4D48fd8C22A5Aa768277C14d48A34c,TRUSTMOON,03-12-2022 18:10:02 GMT,
1048,0x01aA7894b952dbD384a6F8d28482Da87C1322Fd3,elon,03-12-2022 18:10:02 GMT,
1049,0x42b48fd252f24773c9fe5e91610b0be96bdacdfe,WDTKN,03-12-2022 17:56:30 GMT,
1050,0x1f8D9e88916b201173655C7c18C39C8fC94aF19d,BLIZZCOIN,03-12-2022 17:49:01 GMT,
1051,0x920E7E1Ef57609cef20a6ff9D389b31D8f1b553F,SDoge,03-12-2022 17:49:01 GMT,
1052,0xd3acb0bac00cf5eab5de821804bfef3a788c4dd0,KINGELONMUSK,03-12-2022 18:15:02 GMT,
1053,0xc34b0fe20b737e58c3129c41a4c43fae266526a4,BNX3.0,03-12-2022 18:15:02 GMT,
1054,0xE767143ceF66a618A5996573dE447b7CF88C9493,RST,03-12-2022 17:58:02 GMT,
1055,0xdd02536A82f02f61E2fc1FDe4c11e7d84B2E5864,HPKT,03-12-2022 17:58:02 GMT,
1056,0x1f1E9A25bF9FDc9b55473B9A5EB6CC421950feCd,ML,03-12-2022 17:58:02 GMT,
1057,0x1Ac7CeBb785D51523fEA32735b93F8D746aDFa4d,www.pichutoken.com,03-12-2022 17:58:02 GMT,
1058,0x42b48fd252f24773c9fe5e91610b0be96bdacdfe,WDTKN,03-12-2022 17:56:30 GMT,
1059,0x83841501d5e44ac6ce7713d4d922542902985548,K0,03-12-2022 17:54:03 GMT,
1060,0x0ea1376af12cba642a7496a32c720548c9842632,MEGO,03-12-2022 17:54:03 GMT,
1061,0xe5774e24f02f99847a527b4c86176b32881b43fc,Witch,03-12-2022 17:51:03 GMT,
1062,0xDA71f5cBa8477A83B5573682892F8C66eAef5Bf0,NGA,03-12-2022 17:49:32 GMT,
1063,0x777A268c8526b565e7EdF9C412ac57ad43fb6E4b,OHSHIT,03-12-2022 17:49:26 GMT,
1064,0x68c606a6E2518A0d75acf21bC7E2D8A74E45e175,üåüAQUASTAR,03-12-2022 17:49:01 GMT,
1065,0x18cd6290B132d8fcCCf266a71529cF3226561a6C,KRAY,03-12-2022 17:49:01 GMT,
1066,0x32e63Cf2B4Df402756Af2baE8614883673b2722b,MoonJuice,03-12-2022 17:49:01 GMT,
1067,0x4B3B1604C248850E972D495C59E230a191ff20Ae,IMP,03-12-2022 17:49:01 GMT,
1068,0xb5150c31aFE80B15C455C0d41AFFf654309D172B,wcc,03-12-2022 17:49:01 GMT,
1069,0xD254Bb699067AB8D06B9aa79bfB4FacDD4055D5c,EDOGE,03-12-2022 17:49:01 GMT,
1070,0xAf0bE853697AdbEED2b3d2Ba6298063D56cD0318,LDUCK,03-12-2022 17:49:01 GMT,
1071,0xcc6afaecf1c08155b4d7df751939ad33f060984b,SNU,03-12-2022 18:21:03 GMT,
1072,0xaF377464537ed566bBf10a85ebCC7e792EeB7251,Mariachi Inu,03-12-2022 18:19:47 GMT,
1073,0x10891f4e2ab549e6ee8AC4edB1ef8625cCAf1234,HG,03-12-2022 18:19:08 GMT,
1074,0x854FeDAA432e49E2fb8e712D1a13d7Fbb1836B61,BABYKINGELON,03-12-2022 18:18:59 GMT,
1075,0x45A3B61D68e1C8d063753761B4275e2Ab3Bb09a5,Mariachi,03-12-2022 18:18:14 GMT,
1076,0xffbc4D4e202ed1eC5C23Af03Af9Ef9695Dd83248,PumpKitten,03-12-2022 18:18:02 GMT,
1077,0x551b717D28F142e75a4dd2716AEf2Ddf0A82d898,MAGICTECH,03-12-2022 18:18:02 GMT,
1078,0xC04a4a2484362ea08EB846e1CF1dDD0988D44d07,SAID,03-12-2022 18:18:02 GMT,
1079,0xA8969D1eA7c19763BA48363d968Cd6831e8C287c,TK,03-12-2022 18:18:02 GMT,
1080,0x10a0698a5C30B96DbE5a267bfEd6753F47c19A71,IMT,03-12-2022 18:18:02 GMT,
1081,0x82F8F2c2AF533e1dea605694f74B13A4F51Cad22,EDVTO,03-12-2022 18:18:02 GMT,
1082,0xE5C9C0543517479A2cF5572c826a02846Ff1CA49,SPACEME,03-12-2022 18:18:02 GMT,
1083,0x8273f64574f8EFA9B659a0520E2C56d16c036ecf,TESTCE,03-12-2022 18:18:02 GMT,
1084,0x43745bc3D318A04D14582fE820DB79dB1d2aD38a,DOGSEM,03-12-2022 18:18:02 GMT,
1085,0xb705e9f370CcEE5CE1504a0A610944519f5fC178,SHIBABLACK,03-12-2022 18:18:02 GMT,
1086,0x010F256042Be172B6f1e9a856629FAA9f1042B07,AMAGIC,03-12-2022 18:18:01 GMT,
1087,0x1056d57FFeeDdF1345fA1c25159C9Fa6a3335B2a,BLOX,03-12-2022 18:18:01 GMT,
1088,0x6c2a1903902FFB099e2CeB5B58A7d2cD7b70FCAe,REDISTR,03-12-2022 17:58:02 GMT,
1089,0x6d50bcc3f30c919f82ce2c71a63037726931b968,MINISAFUU,03-12-2022 18:24:02 GMT,
1090,0xcED60514bd6F81E4002A7AA1d3C971bDD328E0AF,DUMPUMP,03-12-2022 17:58:02 GMT,
1091,0xadc90f1d129b5866aa44e506bf6109837b200752,FINU,03-12-2022 18:27:02 GMT,
1092,0xA94650f16eB0a0Bc516E16dDF540E5848616b7Ae,rllcc,03-12-2022 18:10:02 GMT,
1093,0xF288d3c6C57306FC1C2b13c37972E143F00761F2,ElonBullshit,03-12-2022 18:10:02 GMT,
1094,0x14E1F8FBd860f4E9FC7C9F5cC88300274D689B7b,CLU,03-12-2022 18:10:02 GMT,
1095,0xa3c3055A30d0135Cf3feAE9811f6b2aE4FEb0e46,PLUTO,03-12-2022 18:10:02 GMT,
1096,0x3cCFE2F51AB75cb5AAf06365054CD7eca546b291,BSOCIAL,03-12-2022 18:10:02 GMT,
1097,0x9d7c648AAC00774682F8a72BeEA8d8633F51DE33,LOL,03-12-2022 18:10:02 GMT,
1098,0x9e5477d8cF4D48fd8C22A5Aa768277C14d48A34c,TRUSTMOON,03-12-2022 18:10:02 GMT,
1099,0x01aA7894b952dbD384a6F8d28482Da87C1322Fd3,elon,03-12-2022 18:10:02 GMT,
1100,0xa1fe2f1ff901f0a8930380aa3b083d45ae33941a,SACE,03-12-2022 18:06:03 GMT,
1101,0xfea5cce672d470c79746d6685a38394b228c9a47,DSF,03-12-2022 18:03:03 GMT,
1102,0x9c3f8E5658AdE701489ba7D055adDfd4cfA3829C,WHO,03-12-2022 17:58:35 GMT,
1103,0x3A03F54ac9733706192767ccbb64540b4De92B3a,CYBER,03-12-2022 17:58:02 GMT,
1104,0x8c50c7F6C72648463AF58cecA66572CdcCdA7C89,STOPELONV2,03-12-2022 17:58:02 GMT,
1105,0xc856Bb2735e2c1006A2595dD7E81F5763bCd55b6,DN,03-12-2022 17:58:02 GMT,
1106,0x3497A936373dB9Ccf9DAc72Eb8D6b79763E89EaE,ECOM,03-12-2022 17:58:02 GMT,
1107,0xdb786D2810D0e27BE9BDBcBC5F23144E1733c421,RPIGGY,03-12-2022 17:58:02 GMT,
1108,0x0e9Bb323Ad7d6835d5E7dfdF5f8421B13A1d208e,SPB,03-12-2022 17:58:02 GMT,
1109,0x6ADC98a7bb0D9cEB0aa32946102BbA2187A0E20e,BBC,03-12-2022 17:58:02 GMT,
1110,0x2020508A917a47a7f8c02CfFecc9a2eC4388868C,SINU,03-12-2022 17:58:02 GMT,
1111,0x12d2AB910CE08E15552FCdC03c09a6B6848a4AC6,MissYouDonald,03-12-2022 17:58:02 GMT,
1112,0x7b79bf958e21d55e804d5541a8120da85f0c0795,HANDZ,03-12-2022 18:30:03 GMT,
1113,0x3fb9230e30b02d5b8e472699d03ec7c18621536f,LadyDoge,03-12-2022 18:30:02 GMT,
1114,0x88dae6Ee8418345EBcD9B99C25325D30Ee3fF028,SM,03-12-2022 18:29:59 GMT,
1115,0x2394Ab652044F5BAE933B7AdBa7DfF2820056f23,üõ∞NASA,03-12-2022 18:29:02 GMT,
1116,0x1a52003493553D12Bf5912eB89Bc5eF24cC3AA86,WHALES,03-12-2022 18:29:02 GMT,
1117,0xC2852b3CF06869Ad4673Ac561766d38e7fE62571,HOT,03-12-2022 18:29:02 GMT,
1118,0x34F6821c2770f7B7C889Ad0A580e1302B2cF753d,VMOON,03-12-2022 18:29:02 GMT,
1119,0xB31920E7Bfc65DF8735e4336B6359B8de41b3c6A,ElonTweet,03-12-2022 18:29:02 GMT,
1120,0xfD4Beae3768776A9B67455e0aAB6d4dA30eB93A5,Elon Purple,03-12-2022 18:29:02 GMT,
1121,0xd23B4A366462f1057280372Cc58631D72033aD91,DM10,03-12-2022 18:29:02 GMT,
1122,0xE45AA8EB78Ff03C92251ffb69497022ACF5F038A,II,03-12-2022 18:29:02 GMT,
1123,0x615BD003c77E69809AceacD58A9454A05660514C,FP,03-12-2022 18:29:02 GMT,
1124,0xD45F13CD3e66A44997221319bcca76db3bAd520B,YODO,03-12-2022 18:29:02 GMT,
1125,0xe3F60889F9423ce51BE9D9B7a26d2B1e033EB1e4,ECRY,03-12-2022 18:29:02 GMT,
1126,0xCD0f6B398fb8769C645aB457B41E4E7246Ef09Da,TESLA,03-12-2022 18:29:02 GMT,
1127,0x8e64B5B99918E8fD4e66c3641D5b7efea465Fb0b,RAPTOR,03-12-2022 18:29:02 GMT,
1128,0x4C5B77Ce555EbB48798bEbFe448F07Fe48bE115f,NTAX,03-12-2022 18:29:02 GMT,
1129,0x5741182E3D2E1A92C7aA1fb8c5e475C3C81da1ef,KOIF,03-12-2022 18:29:02 GMT,
1130,0x24D42E73dAFd684a2dfd4eC31d3348c291305501,NFT LAUNCH,03-12-2022 18:29:02 GMT,
1131,0x9ed43c612f5c96d820e827c11a0f00da18cf3ac3,RG,03-12-2022 18:17:25 GMT,
1132,0xaEA89c3424548CaaC7f8647360a375c522A92632,CHINU,03-12-2022 18:10:02 GMT,
1133,0xfb99eb84b97ba5b1c4c20f05dd83db3ea08e9e77,babyk0,03-12-2022 18:39:03 GMT,
1134,0xb705e9f370CcEE5CE1504a0A610944519f5fC178,SHIBABLACK,03-12-2022 18:18:02 GMT,
1135,0x010F256042Be172B6f1e9a856629FAA9f1042B07,AMAGIC,03-12-2022 18:18:01 GMT,
1136,0x1056d57FFeeDdF1345fA1c25159C9Fa6a3335B2a,BLOX,03-12-2022 18:18:01 GMT,
1137,0x9ed43c612f5c96d820e827c11a0f00da18cf3ac3,RG,03-12-2022 18:17:25 GMT,
1138,0xd3acb0bac00cf5eab5de821804bfef3a788c4dd0,KINGELONMUSK,03-12-2022 18:15:02 GMT,
1139,0xc34b0fe20b737e58c3129c41a4c43fae266526a4,BNX3.0,03-12-2022 18:15:02 GMT,
1140,0xE97414492888171CaeEB03B08Be562b1049EB26C,FRST,03-12-2022 18:10:02 GMT,
1141,0x02216e41ec5EC41F43d635B392Ea3f6A29d83340,SHIBACAKE,03-12-2022 18:10:02 GMT,
1142,0x98d008C17AD3f29280ee5238501ADb3337B808cF,BUNNY,03-12-2022 18:10:02 GMT,
1143,0x9B69Af0c6Ac960921e95751d0f55818bcF792b40,GMOON,03-12-2022 18:10:02 GMT,
1144,0x04007Ccf3C6a402C75333AE363D88246245596dB,HOLD,03-12-2022 18:10:02 GMT,
1145,0xeb3b37004e94861AbD943c2548c63155AcC66350,TRUSTMOON,03-12-2022 18:10:02 GMT,
1146,0x67113BA7124aAdB5Dea9E27aB2A17A79331006E7,BABYELON,03-12-2022 18:10:02 GMT,
1147,0x02A070acbbe89A47dE495916dcaE16Eec5fB414A,JB,03-12-2022 18:10:02 GMT,
1148,0x650Ce7849f9d40f3eF0c89B1d6E76085B3e89aba,k999,03-12-2022 18:39:05 GMT,
1149,0x5A7782f067c05cCDfDFe538456914F1c900fC42f,SPATAN TO THE MOON,03-12-2022 18:39:02 GMT,
1150,0xf31FF9eb78460e4dff6675f13Ca8B04bD1F3293a,WOO,03-12-2022 18:39:02 GMT,
1151,0x6CB0639c63B14CFF3cB70F84c7BBa9475c903b04,HOLD,03-12-2022 18:39:02 GMT,
1152,0x184C18c08Be4166588aF3Ec4039E9a78dD974209,SGF,03-12-2022 18:39:02 GMT,
1153,0xcB92D332047252A37A9a05d3a04B848Ca36CD27F,ALPHA,03-12-2022 18:39:02 GMT,
1154,0xcc5AAb8D36Ebc4E78E1705b508f12371e3F00c51,MOONDREAM,03-12-2022 18:39:02 GMT,
1155,0xB28757C7A35E896EE912BE0CF4DCB7661709D038,SEARTH,03-12-2022 18:39:02 GMT,
1156,0x360845173419C4D0F905B6d1B598Bf8049732292,IKEA,03-12-2022 18:39:02 GMT,
1157,0x36f4Fc207fbF2284aFC84449445E97ABa03a9d29,MEMEOW,03-12-2022 18:39:02 GMT,
1158,0x63D451feee0f83Bda0BF69b445bC81255bb3725A,TRDOGE,03-12-2022 18:39:02 GMT,
1159,0x00060e6f51376A47e05DE2f42D3C8F9c3F960858,ü•ëGUAC,03-12-2022 18:39:02 GMT,
1160,0xD3e19998C0ca69150704A538aFdf69c2B823e5f8,ALPHA,03-12-2022 18:39:02 GMT,
1161,0x4687E6d56881fb819c1efA984C7D3A551Fb21696,WATER,03-12-2022 18:39:02 GMT,
1162,0x43745bc3D318A04D14582fE820DB79dB1d2aD38a,DOGSEM,03-12-2022 18:18:02 GMT,
1163,0xbd0f291fded228fe0f0cefbc3f1fb23a6097c317,KOdoge,03-12-2022 18:45:04 GMT,
1164,0x8273f64574f8EFA9B659a0520E2C56d16c036ecf,TESTCE,03-12-2022 18:18:02 GMT,
1165,0x734b746b73d49cf45b8dcbb89655c803e7e86385,TEST,03-12-2022 18:48:03 GMT,
