,Address,Symbol,DateTime
0,0x9200aA4f6E4877De56eB1f6a3B37ABf0A6b1ee77,CDOGE,2022-04-16 23:39:06+02:00
1,0x111A61eb51ac9C727d2AeEe771DDD1B92232D8Cb,AmericanDoge,2022-04-16 23:38:39+02:00
2,0xb044d1fe9cfF16EF0d6c0582FeE3958F7A561D02,Indian Doge,2022-04-16 23:37:39+02:00
3,0x05B4d7CCA02F6c5fBa791ab5231937E72708a179,METSA,2022-04-16 23:37:15+02:00
4,0x65e7f63813294127707EB484dC8Bdf7998cEDdBd,GalileoInu,2022-04-16 23:33:03+02:00
5,0x2be3556f1a6f1d0cE4Ec52c9a1EFa8b7A821464B,KIOSAIGO,2022-04-16 23:32:36+02:00
6,0xd3828390B6e27F9E94EAe3A8100947C0a1B28899,SFM,2022-04-16 23:29:45+02:00
7,0x9cC61C042A272035b39e798C9b87e35e5b106059,HC,2022-04-16 23:29:33+02:00
8,0x750252218F04f32549dAd4e3CB59A25b8A522664,AWH,2022-04-16 23:25:36+02:00
9,0x221860d7572e6bd698d32b10b91b683e02d50cdd,TU,2022-04-16 23:25:34+02:00
10,0x46294fEE23A3E65439480a3E3221557fC29D218a,CALL,2022-04-16 23:25:03+02:00
11,0x05F080fc61B8B845E19c18a22AC60050Cccc4f0B,EUREX,2022-04-16 23:25:00+02:00
12,0x715DC5bCC5f283849039A9cD494Da9541b62A4d3,aMOON,2022-04-16 23:23:12+02:00
13,0x2544e6B8A6De8F4162665C996A7F79f5873BC98D,AWHALE,2022-04-16 23:21:39+02:00
14,0xBFA60d2F78895c6A1A1cCAd3aBe38aB243C48Feb,NPLOG_001,2022-04-16 23:21:18+02:00
15,0x8303B7B911dd44E6f2948d037A9A8247664A08A9,Yby,2022-04-16 23:21:06+02:00
16,0x975e89d608810dbaf4853e8499ff608e06e9204a,SM,2022-04-16 23:21:03+02:00
17,0x942CFaf6E0EA70C3DBd3c0ddeEbe0ef7BF465371,NVC,2022-04-16 23:20:06+02:00
18,0xb14C6055A227251c3F183F0Fb047C336a799a02C,NVC,2022-04-16 23:19:57+02:00
19,0xb5883fBF2ec22ceaea6AaD240B293DD5Ff6ebA59,LMA,2022-04-16 23:19:51+02:00
20,0x7B7aD6D83015d82243eC3A193011EEe72a692006,OSEA,2022-04-16 23:18:54+02:00
21,0x7b6Bc5fA9d6FAc11279358a36a5027b83f3Bdf42,MTDR,2022-04-16 23:18:03+02:00
22,0x7551ec17588b85308e4f8e7ca4f97b51a871bd40,MSHIB,2022-04-16 23:18:02+02:00
23,0xEB56E740000f9949642A9e499cBEe53Ef2908fDA,NVC,2022-04-16 23:17:51+02:00
24,0x49f7756e51A4f2932Fd2F75B064055C71cea1f37,BTFU,2022-04-16 23:17:51+02:00
25,0x00EaFc9C1fb1b7f7889c7E91441ab62dE0259ad5,bECH,2022-04-16 23:16:42+02:00
26,0x74c396545663fcbD003B201042402A06152f9077,BONES,2022-04-16 23:16:00+02:00
27,0x42b82d1EA3ac02099747a8088a63b91F2129ec11,GLX,2022-04-16 23:16:00+02:00
28,0x736156D9281716E634228e3FF97E3EFd12b8A60e,UKRN,2022-04-16 23:15:21+02:00
29,0x1Eb7a5407C97A28767B7241E12e8DFe4Fa160363,LINK,2022-04-16 23:15:00+02:00
30,0xBAB49230b4C34f9783dab3F040677B8c68d1dB32,BABYArabSHIB,2022-04-16 23:13:06+02:00
31,0x764E15395E6733799f3fcFFCd39d296B7bB01264,TenderChicken,2022-04-16 23:12:48+02:00
32,0x90351473e96B23d01f64Df495618dcebcc9063D0,GOLDPT,2022-04-16 23:12:06+02:00
33,0x2cBbBB5Dd0c01B6637928845c4D7D7B8f0D56e8C,RANKS,2022-04-16 23:11:15+02:00
34,0x51C68Cc298AaEAC5156c58159A2A4868B53B9536,WICAT,2022-04-16 23:10:24+02:00
35,0xb6DcEe3a06Aedfc3Db6059A881604f87e81FbC24,ARAB-BNB,2022-04-16 23:09:51+02:00
36,0xCC5ebD0226ABd469dde69Ef766c6FDABEC0865ed,EM,2022-04-16 23:08:09+02:00
37,0xc2b9f61AC1f3988D4D2044f41F3a0e7346AB711b,BAS,2022-04-16 23:06:36+02:00
38,0x76f26b3a2f9bDfA5d2D581aafbA63f03EA1bCD2c,LG,2022-04-16 23:05:57+02:00
39,0xBF5C7010d9E24C4093838434F6907cB60A3952C7,BSHIB,2022-04-16 23:04:51+02:00
40,0x559Aa4Bb8f2E8388b3C0e56115BBeA10261F49Dc,ABABY,2022-04-16 23:04:45+02:00
41,0xD7B9c020A37966EB503cD8e109113ADeF1459280,GPTE,2022-04-16 23:02:48+02:00
42,0x14740Bd13387c959ca87b7567b17aDA04A824292,Arab Elon,2022-04-16 23:00:36+02:00
43,0x7E66cfef3Cc07AF380C22dbC60b17B9675a69EE4,$BDE,2022-04-16 22:59:48+02:00
